TEAM,TEAM ABBREVIATION,SEASON,OVERALL,HOME,ROAD,ECONF,WCONF,ADIV,CDIV,SEDIV,NWDIV,PDIV,SWDIV,PRESTAR,POSTSTAR,?3MARG,?10MARG,OCT,NOV,DEC,JAN,FEB,MAR,APR,W/L%,GB,PS/G,PA/G,SRS,,,,,,,,,,,,,,,,,,,,,,,,,,,,,,,,,,,,,
Atlanta Hawks,ATL,2020,20-47,14-20,6-27,11-32,9-15,3-13,2-12,6-7,3-5,3-5,3-5,15-41,5-6,1-5,8-29,2-3,2-13,3-11,6-9,6-7,1-4,,0.299,33,111.8,119.7,-7.71,,,,,,,,,,,,,,,,,,,,,,,,,,,,,,,,,,,,,
Boston Celtics,BOS,2020,48-24,26-10,22-14,30-13,18-11,9-6,9-4,12-3,6-3,6-4,6-4,38-16,10-8,6-5,29-7,3-1,10-4,10-3,9-7,9-3,2-3,,0.667,7.5,113.7,107.3,5.83,,,,,,,,,,,,,,,,,,,,,,,,,,,,,,,,,,,,,
Brooklyn Nets,BKN,2020,35-37,20-16,15-21,23-23,12-14,6-10,8-4,9-9,2-7,6-2,4-5,25-28,10-9,7-7,17-19,1-3,9-6,6-7,5-10,5-7,4-1,,0.486,20.5,111.8,112.3,-1.01,,,,,,,,,,,,,,,,,,,,,,,,,,,,,,,,,,,,,
Charlotte Hornets,CLH,2020,23-42,10-21,13-21,16-24,7-18,5-9,9-8,2-7,1-7,4-4,2-7,18-36,5-6,9-8,5-25,2-3,6-10,5-10,3-9,5-6,2-4,,0.354,29,102.9,109.6,-7.03,,,,,,,,,,,,,,,,,,,,,,,,,,,,,,,,,,,,,
Chicago Bulls,CHI,2020,22-43,14-20,8-23 ,15-28,7-15,1-12,7-9,7-7,1-6,2-5,4-4,19-36,3-7,6-6,7-19,1-4,5-10,7-7,6-11,1-8,2-3,,0.338,30,106.8,109.9,-4,,,,,,,,,,,,,,,,,,,,,,,,,,,,,,,,,,,,,
Cleveland Cavaliers,CLE,2020,19-46,11-25,8-21 ,12-32,7-14,2-14,4-10,6-8,4-4,0-4,3-6,14-40,5-6,5-5,6-28,2-2,3-12,5-9,3-13,4-7,2-3,,0.292,33,106.9,114.8,-7.77,,,,,,,,,,,,,,,,,,,,,,,,,,,,,,,,,,,,,
Dallas Mavericks,DAL,2020,43-32,20-18,23-14,16-12,27-20,4-5,7-2,5-5,9-6,8-10,10-4,33-22,10-10,2-11,23-9,3-1,9-5,9-6,8-7,7-5,4-3,,0.573,11,117,112.1,4.87,,,,,,,,,,,,,,,,,,,,,,,,,,,,,,,,,,,,,
Denver Nuggets,DEN,2020,46-27,26-11,20-16,17-11,29-16,6-4,4-4,7-3,12-2,9-7,8-7,38-17,8-10,9-5,16-13,3-2,10-2,10-6,11-5,6-4,3-3,,0.63,7.0,111.30,109.20,2.35,,,,,,,,,,,,,,,,,,,,,,,,,,,,,,,,,,,,,
Detroit Pistons,DET,2020,20-46,11-22,9-24 ,12-31,8-15,3-11,5-10,4-10,1-7,4-3,3-5,19-38,1-8,4-6,9-26,2-3,4-10,6-9,5-11,3-8,0-5,,0.30,32.5,107.20,110.80,-4.38,,,,,,,,,,,,,,,,,,,,,,,,,,,,,,,,,,,,,
Golden State Warriors,GOL,2020,15-50,8-26,7-24 ,6-16,9-34,1-6,3-3,2-7,3-12,2-11,4-11,12-43,3-7,1-3,8-30,1-3,3-13,5-10,1-13,3-8,2-3,,0.23,34.0,106.30,115.00,-8.12,,,,,,,,,,,,,,,,,,,,,,,,,,,,,,,,,,,,,
Houston Rockets,HOU,2020,44-28,24-12,20-16,16-9,28-19,6-3,4-3,6-3,10-8,10-6,8-5,34-20,10-8,4-5,22-14,3-1,10-5,10-5,7-7,9-2,1-4,,0.61,8.5,117.80,114.80,3.13,,,,,,,,,,,,,,,,,,,,,,,,,,,,,,,,,,,,,
Indiana Pacers,IND,2020,45-28,25-11,20-17,28-19,17-9,9-7,8-7,11-5,7-3,5-2,5-4,32-23,13-5,5-7,20-12,1-3,11-4,10-5,9-5,5-7,3-2,,.616,11.0,109.40,107.50,1.63,,,,,,,,,,,,,,,,,,,,,,,,,,,,,,,,,,,,,
Los Angeles Clippers,LAC,2020,49-23,27-9,22-14,17-7,32-16,5-3,4-3,8-1,11-5,8-6,13-5,37-18,12-5,8-3,32-8,4-2,10-4,10-5,9-4,7-4,4-1,,.681,3.5,116.30,109.90,6.66,,,,,,,,,,,,,,,,,,,,,,,,,,,,,,,,,,,,,
Los Angeles Lakers,LOS,2020,52-19,25-10,27-9,16-9,36-10,5-5,4-3,7-1,12-3,10-3,14-4,41-12,11-7,7-3,25-11,3-1,14-1,9-5,10-4,9-2,4-1,,.732,—,113.40,107.60,6.28,,,,,,,,,,,,,,,,,,,,,,,,,,,,,,,,,,,,,
Memphis Grizzlies,MEM,2020,34-39,20-17,14-22,14-13,20-26,3-4,4-6,7-3,8-7,8-10,4-9,28-26,6-13,3-4,18-21,1-3,4-10,8-8,11-4,5-6,3-2,,.466,19.0,112.60,113.70,-0.91,,,,,,,,,,,,,,,,,,,,,,,,,,,,,,,,,,,,,
Miami Heat,MIA,2020,44-29,29-7,15-22,30-13,14-16,9-6,11-3,10-4,4-6,4-6,6-4,35-19,9-10,6-4,23-11,4-1,9-4,11-4,8-6,6-7,3-2,,.603,12.0,112.00,109.10,2.59,,,,,,,,,,,,,,,,,,,,,,,,,,,,,,,,,,,,,
Milwaukee Bucks,MIL,2020,56-17,30-5,26-12,37-7,19-10,10-4,13-1,14-2,7-3,7-2,5-5,46-8,10-9,3-2,38-8,2-2,15-1,13-2,11-2,10-1,2-4,,.767,—,118.70,108.60,9.41,,,,,,,,,,,,,,,,,,,,,,,,,,,,,,,,,,,,,
Minnesota Timberwolves,MIN,2020,19-45,8-24,11-21 ,10-15,9-30,2-4,3-6,5-5,2-10,4-8,3-12,16-37,3-8,3-4,10-21,3-1,7-7,2-12,3-12,2-9,2-4,,.297,29.5,113.30,117.50,-4.02,,,,,,,,,,,,,,,,,,,,,,,,,,,,,,,,,,,,,
New Orleans Pelicans,NOP,2020,30-42,15-21,15-21,12-12,18-30,2-6,7-3,3-3,9-9,5-12,4-9,23-32,7-10,2-6,18-15,1-4,5-9,5-10,9-6,6-4,2-3,,.417,22.5,115.80,117.10,-0.55,,,,,,,,,,,,,,,,,,,,,,,,,,,,,,,,,,,,,
New York Knicks,NYK,2020,21-45,11-22,10-23,15-28,6-17,2-11,8-8,5-9,1-6,2-6,3-5,17-38,4-7,7-6,8-21,1-4,3-11,5-9,4-12,5-6,3-3,,.318,31.5,105.80,112.30,-6.72,,,,,,,,,,,,,,,,,,,,,,,,,,,,,,,,,,,,,
Oklahoma City Thunder,OKC,2020,44-28,23-14,21-14,17-9,27-19,5-3,6-4,6-2,8-5,9-8,10-6,33-22,11-6,8-6,18-10,1-4,6-7,11-4,12-5,7-3,3-1,,.611,8.5,110.40,108.40,2.33,,,,,,,,,,,,,,,,,,,,,,,,,,,,,,,,,,,,,
Orlando Magic,ORL,2020,33-40,18-17,15-23,20-23,13-17,6-10,5-8,9-5,2-8,5-5,6-4,24-31,9-9,5-5,18-20,2-2,5-9,7-8,7-8,6-6,3-2,,.452,23.0,107.30,108.30,-0.93,,,,,,,,,,,,,,,,,,,,,,,,,,,,,,,,,,,,,
Philadelphia 76ers,PHI,2020,43-30,31-4,12-26 ,28-18,15-12,11-5,10-6,7-7,5-4,5-5,5-3,34-21,9-9,6-5,19-15,4-0,10-6,9-7,8-5,6-5,2-3,,.589,13.0,110.70,108.40,2.25,,,,,,,,,,,,,,,,,,,,,,,,,,,,,,,,,,,,,
Phoenix Suns,PHO,2020,34-39,17-22,17-17,15-12,19-27,6-4,3-4,6-4,6-9,6-9,7-9,22-33,12-6,4-8,15-18,3-2,5-8,5-10,7-8,4-9,2-2,,.466,19.0,113.60,113.40,0.56,,,,,,,,,,,,,,,,,,,,,,,,,,,,,,,,,,,,,
Portland Trail Blazers,PLB,2020,35-39,21-15,14-24,15-12,20-27,4-6,4-4,7-2,5-8,7-10,8-9,25-31,10-8,9-3,17-18,3-2,5-10,6-8,8-7,4-8,3-2,,.473,18.5,115.00,116.10,-0.61,,,,,,,,,,,,,,,,,,,,,,,,,,,,,,,,,,,,,
Sacramento Kings,SAC,2020,31-41,16-19,15-22,8-18,23-23,2-8,2-5,4-5,7-9,8-5,8-9,21-33,10-8,6-8,12-18,0-5,8-5,4-12,6-8,7-4,3-2,,.431,21.5,110.10,112.10,-1.59,,,,,,,,,,,,,,,,,,,,,,,,,,,,,,,,,,,,,
San Antonio Spurs,SAN,2020,32-39,19-15,13-24,12-16,20-23,5-5,2-6,5-5,6-9,7-8,7-6,23-31,9-8,10-7,10-12,3-1,4-12,7-5,7-8,4-7,2-3,,.451,20.0,114.10,115.20,-0.65,,,,,,,,,,,,,,,,,,,,,,,,,,,,,,,,,,,,,
Toronto Raptors,TOR,2020,53-19,26-10,27-9,34-11,19-8,9-5,13-3,12-3,7-3,7-2,5-3,40-15,13-4,6-4,23-10,4-1,10-3,9-7,12-3,7-3,4-1,,.736,2.5,112.80,106.50,5.97,,,,,,,,,,,,,,,,,,,,,,,,,,,,,,,,,,,,,
Utah Jazz,UTA,2020,44-28,23-12,21-16,20-7,24-21,6-4,6-2,8-1,5-7,9-6,10-8,36-18,8-10,7-5,18-11,4-1,8-6,9-5,11-4,5-6,4-1,,.611,8.5,111.30,108.80,2.52,,,,,,,,,,,,,,,,,,,,,,,,,,,,,,,,,,,,,
Washington Wizards,WAS,2020,25-47,16-20,9-27,18-27,7-20,8-7,5-11,5-9,3-7,2-7,2-6,20-33,5-14,1-4,12-25,1-3,5-8,4-11,6-9,5-6,3-3,,.347,30.5,114.40,119.10,-5.24,,,,,,,,,,,,,,,,,,,,,,,,,,,,,,,,,,,,,
Atlanta Hawks,ATL,2019,29-53,17-24,12-29,16-36,13-17,4-14,6-12,6-10,5-5,4-6,4-6,19-39,10-14,9-6,7-31,2-5,3-13,6-7,5-9,5-7,7-8,1-4,.354,31.0,113.3,119.4,-6.06,,,,,,,,,,,,,,,,,,,,,,,,,,,,,,,,,,,,,
Boston Celtics,BOS,2019,49-33,28-13,21-20,35-17,14-16,10-6,13-5,12-6,4-6,5-5,5-5,37-21,12-12,5-6,24-12,5-2,7-8,9-5,11-4,5-6,8-7,4-1,.598,11.0,112.4,108,3.9,,,,,,,,,,,,,,,,,,,,,,,,,,,,,,,,,,,,,
Brooklyn Nets,BKN,2019,42-40,23-18,19-22,29-23,13-17,8-8,10-8,11-7,2-8,6-4,5-5,30-29,12-11,12-8,16-22,3-5,5-10,9-6,11-4,4-6,7-7,3-2,.512,18.0,112.2,112.3,-0.4,,,,,,,,,,,,,,,,,,,,,,,,,,,,,,,,,,,,,
Charlotte Hornets,CLH,2019,39-43,25-16,14-27,29-23,10-20,8-10,11-7,10-6,2-8,3-7,5-5,27-30,12-13,6-10,21-20,4-4,7-7,7-7,6-8,4-7,7-8,4-2,.476,21.0,110.7,111.8,-1.32,,,,,,,,,,,,,,,,,,,,,,,,,,,,,,,,,,,,,
Chicago Bulls,CHI,2019,22-60,9-32,13-28,16-36,6-24,4-14,3-13,9-9,1-9,2-8,3-7,14-44,8-16,8-8,9-31,2-6,3-12,5-9,2-13,5-5,4-11,1-4,.268,38.0,104.9,113.4,-8.32,,,,,,,,,,,,,,,,,,,,,,,,,,,,,,,,,,,,,
Cleveland Cavaliers,CLE,2019,19-63,13-28,6-35,15-37,4-26,6-12,4-12,5-13,0-10,2-8,2-8,12-46,7-17,5-4,6-43,1-6,3-11,4-12,3-12,4-6,4-11,0-5,.232,41.0,104.5,114.1,-9.39,,,,,,,,,,,,,,,,,,,,,,,,,,,,,,,,,,,,,
Dallas Mavericks,DAL,2019,33-49,24-17,9-32,15-15,18-34,4-6,6-4,5-5,8-10,6-12,4-12,26-31,7-18,7-7,12-22,2-6,8-4,7-9,6-9,4-6,3-12,3-3,0.402,24,108.9,110.1,-0.87,,,,,,,,,,,,,,,,,,,,,,,,,,,,,,,,,,,,,
Denver Nuggets,DEN,2019,54-28,34-7,20-21,20-10,34-18,7-3,6-4,7-3,12-4,12-6,10-8,39-18,15-10,13-3,23-11,6-1,9-6,8-4,12-4,7-4,9-6,3-3,0.659,3,110.7,106.7,4.19,,,,,,,,,,,,,,,,,,,,,,,,,,,,,,,,,,,,,
Detroit Pistons,DET,2019,41-41,26-15,15-26,27-25,14-16,10-8,8-8,9-9,4-6,5-5,5-5,26-30,15-11,6-9,16-21,4-3,8-4,4-11,6-10,7-3,10-6,2-4,0.5,19,107.0,107.3,-0.56,,,,,,,,,,,,,,,,,,,,,,,,,,,,,,,,,,,,,
Golden State Warriors,GOL,2019,57-25,30-11,27-14,22-8,35-17,6-4,8-2,8-2,12-6,13-3,10-8,41-16,16-9,7-7,34-10,8-1,7-7,10-5,11-2,7-4,9-5,5-1,0.695,—,117.7,111.2,6.42,,,,,,,,,,,,,,,,,,,,,,,,,,,,,,,,,,,,,
Houston Rockets,HOU,2019,53-29,31-10,22-19,21-9,32-20,8-2,6-4,7-3,8-10,14-4,10-6,33-24,20-5,5-7,29-12,1-5,9-6,11-4,8-6,8-4,12-3,4-1,0.646,4,113.9,109.1,4.96,,,,,,,,,,,,,,,,,,,,,,,,,,,,,,,,,,,,,
Indiana Pacers,IND,2019,48-34,29-12,19-22,33-19,15-15,9-9,11-5,13-5,5-5,5-5,5-5,38-20,10-14,6-6,23-16,5-3,8-6,12-3,7-7,9-3,4-10,3-2,0.585,12,108.0,104.7,2.76,,,,,,,,,,,,,,,,,,,,,,,,,,,,,,,,,,,,,
Los Angeles Clippers,LAC,2019,48-34,26-15,22-19,20-10,28-24,6-4,7-3,7-3,7-11,11-5,10-8,32-27,16-7,6-2,23-18,4-3,11-3,6-9,7-9,6-5,13-2,1-3,0.585,9,115.1,114.3,1.09,,,,,,,,,,,,,,,,,,,,,,,,,,,,,,,,,,,,,
Los Angeles Lakers,LOS,2019,37-45,22-19,15-26,12-18,25-27,1-9,5-5,6-4,7-11,9-7,9-9,28-29,9-16,5-4,16-25,3-5,10-4,8-7,6-9,3-6,5-11,2-3,0.451,20,111.8,113.5,-1.33,,,,,,,,,,,,,,,,,,,,,,,,,,,,,,,,,,,,,
Memphis Grizzlies,MEM,2019,33-49,21-20,12-29,9-21,24-28,3-7,3-7,3-7,9-9,7-11,8-8,23-36,10-13,6-9,14-19,4-2,9-6,5-10,2-14,4-7,7-7,2-3,0.402,24,103.5,106.1,-2.08,,,,,,,,,,,,,,,,,,,,,,,,,,,,,,,,,,,,,
Miami Heat,MIA,2019,39-43,19-22,20-21,23-29,16-14,7-11,9-9,7-9,4-6,3-7,9-1,26-30,13-13,6-9,16-20,3-4,5-9,9-5,7-7,3-9,11-4,1-5,0.476,21,105.7,105.9,-0.45,,,,,,,,,,,,,,,,,,,,,,,,,,,,,,,,,,,,,
Milwaukee Bucks,MIL,2019,60-22,33-8,27-14,40-12,20-10,13-5,14-2,13-5,6-4,6-4,8-2,43-14,17-8,5-6,45-5,7-0,8-6,10-4,12-3,10-1,10-6,3-2,0.732,—,118.1,109.3,8.04,,,,,,,,,,,,,,,,,,,,,,,,,,,,,,,,,,,,,
Minnesota Timberwolves,MIN,2019,36-46,25-16,11-30,14-16,22-30,4-6,5-5,5-5,5-11,9-9,8-10,27-30,9-16,8-5,19-22,4-4,7-7,6-9,8-6,4-7,5-9,2-4,0.439,21,112.5,114.0,-1.02,,,,,,,,,,,,,,,,,,,,,,,,,,,,,,,,,,,,,
New Orleans Pelicans,NOP,2019,33-49,19-22,14-27,10-20,23-29,3-7,5-5,2-8,7-11,8-10,8-8,26-33,7-16,4-6,15-20,4-3,7-9,6-9,6-8,4-7,5-10,1-3,0.402,24,115.4,116.8,-1.10,,,,,,,,,,,,,,,,,,,,,,,,,,,,,,,,,,,,,
New York Knicks,NYK,2019,17-65,9-32,8-33,11-41,6-24,2-14,3-15,6-12,0-10,2-8,4-6,11-47,6-18,4-7,6-41,2-6,5-10,2-12,1-12,3-9,1-13,3-3,0.207,43,104.6,113.8,-8.93,,,,,,,,,,,,,,,,,,,,,,,,,,,,,,,,,,,,,
Oklahoma City Thunder,OKC,2019,49-33,27-14,22-19,21-9,28-24,6-4,8-2,7-3,9-7,10-8,9-9,37-20,12-13,6-7,23-12,2-4,12-3,9-6,9-5,6-5,6-10,5-0,0.598,8,114.5,111.1,3.56,,,,,,,,,,,,,,,,,,,,,,,,,,,,,,,,,,,,,
Orlando Magic,ORL,2019,42-40,25-16,17-24,30-22,12-18,11-7,9-9,10-6,2-8,4-6,6-4,27-32,15-8,5-6,21-21,2-5,9-7,5-8,5-11,8-3,9-5,4-1,0.512,18,107.3,106.6,0.28,,,,,,,,,,,,,,,,,,,,,,,,,,,,,,,,,,,,,
Philadelphia 76ers,PHI,2019,51-31,31-10,20-21,31-21,20-10,8-8,12-6,11-7,6-4,8-2,6-4,37-21,14-10,10-8,22-16,4-4,12-4,7-6,11-4,6-4,9-5,2-4,0.622,9,115.2,112.5,2.25,,,,,,,,,,,,,,,,,,,,,,,,,,,,,,,,,,,,,
Phoenix Suns,PHO,2019,19-63,12-29,7-34,8-22,11-41,3-7,3-7,2-8,2-16,3-13,6-12,11-48,8-15,5-5,5-40,1-6,3-12,5-11,2-13,1-8,5-10,2-3,0.232,38,107.5,116.8,-8.61,,,,,,,,,,,,,,,,,,,,,,,,,,,,,,,,,,,,,
Portland Trail Blazers,PLB,2019,53-29,32-9,21-20,24-6,29-23,9-1,8-2,7-3,6-10,12-6,11-7,34-23,19-6,4-6,29-8,5-2,8-7,8-7,11-4,6-3,10-5,5-1,0.646,4,114.7,110.5,4.43,,,,,,,,,,,,,,,,,,,,,,,,,,,,,,,,,,,,,
Sacramento Kings,SAC,2019,39-43,24-17,15-26,18-12,21-31,3-7,7-3,8-2,7-11,4-12,10-8,30-27,9-16,6-7,16-18,5-3,5-8,9-6,7-8,5-5,7-9,1-4,0.476,18,114.2,115.3,-0.81,,,,,,,,,,,,,,,,,,,,,,,,,,,,,,,,,,,,,
San Antonio Spurs,SAN,2019,48-34,32-9,16-25,18-12,30-22,6-4,7-3,5-5,10-8,10-8,10-6,33-26,15-8,7-4,25-16,5-2,5-10,11-5,10-5,3-7,10-4,4-1,0.585,9,111.7,110.0,1.80,,,,,,,,,,,,,,,,,,,,,,,,,,,,,,,,,,,,,
Toronto Raptors,TOR,2019,58-24,32-9,26-15,36-16,22-8,12-4,10-8,14-4,6-4,10-0,6-4,43-16,15-8,11-7,33-9,7-1,12-3,8-7,10-5,8-1,9-6,4-1,0.707,2,114.4,108.4,5.49,,,,,,,,,,,,,,,,,,,,,,,,,,,,,,,,,,,,,
Utah Jazz,UTA,2019,50-32,29-12,21-20,20-10,30-22,6-4,7-3,7-3,8-8,12-6,10-8,32-25,18-7,0-7,34-12,4-3,7-9,7-7,11-4,6-3,11-4,4-2,0.61,7,111.7,106.5,5.28,,,,,,,,,,,,,,,,,,,,,,,,,,,,,,,,,,,,,
Washington Wizards,WAS,2019,32-50,22-19,10-31,19-33,13-17,6-12,6-12,7-9,4-6,5-5,4-6,24-34,8-16,5-6,14-23,1-6,7-8,6-9,8-6,3-7,7-10,0-4,0.39,28,114.0,116.9,-3.30,,,,,,,,,,,,,,,,,,,,,,,,,,,,,,,,,,,,,
Atlanta Hawks,ATL,2018,24-58,16-25,8-33,12-40,12-18,4-14,3-15,5-11,5-5,2-8,5-5,18-41,6-17,6-8,8-35,1-6,3-11,6-9,5-10,4-7,2-12,3-3,0.293,35,103.4,108.8,-5.3,,,,,,,,,,,,,,,,,,,,,,,,,,,,,,,,,,,,,
Boston Celtics,BOS,2018,55-27,27-14,28-13,33-19,22-8,12-4,10-8,11-7,9-1,7-3,6-4,40-19,15-8,11-8,25-9,5-2,14-2,11-6,7-5,7-4,9-4,2-4,0.671,4,104,100.4,3.23,,,,,,,,,,,,,,,,,,,,,,,,,,,,,,,,,,,,,
Brooklyn Nets,BKN,2018,28-54,15-26,13-28,19-33,9-21,1-15,6-12,12-6,4-6,1-9,4-6,19-40,9-14,5-7,9-27,3-5,5-8,5-10,6-10,1-9,5-9,3-3,0.341,31,106.6,110.3,-3.67,,,,,,,,,,,,,,,,,,,,,,,,,,,,,,,,,,,,,
Charlotte Hornets,CLH,2018,36-46,21-20,15-26,22-30,14-16,4-14,7-11,11-5,4-6,7-3,3-7,24-33,12-13,1-5,23-23,4-3,4-9,5-11,8-6,7-5,6-9,2-3,0.439,23,108.2,108,0.07,,,,,,,,,,,,,,,,,,,,,,,,,,,,,,,,,,,,,
Chicago Bulls,CHI,2018,27-55,17-24,10-31,21-31,6-24,5-13,4-12,12-6,2-8,0-10,4-6,20-37,7-18,9-5,6-30,1-4,2-13,10-6,5-10,2-8,5-10,2-4,0.329,32,102.9,110,-6.84,,,,,,,,,,,,,,,,,,,,,,,,,,,,,,,,,,,,,
Cleveland Cavaliers,CLE,2018,50-32,29-12,21-20,35-17,15-15,11-7,11-5,13-5,5-5,5-5,5-5,34-22,16-10,8-5,17-20,3-4,12-3,9-5,6-8,6-4,10-6,4-2,0.61,9,110.9,109.9,0.59,,,,,,,,,,,,,,,,,,,,,,,,,,,,,,,,,,,,,
Dallas Mavericks,DAL,2018,24-58,15-26,9-32,10-20,14-38,2-8,4-6,4-6,5-13,4-14,5-11,18-40,6-18,2-9,11-20,1-7,4-10,8-8,3-11,3-7,4-10,1-5,0.293,41,102.3,105.4,-2.7,,,,,,,,,,,,,,,,,,,,,,,,,,,,,,,,,,,,,
Denver Nuggets,DEN,2018,46-36,31-10,15-26,18-12,28-24,4-6,8-2,6-4,9-7,10-8,9-9,32-26,14-10,10-5,21-15,3-4,9-5,7-8,7-8,7-3,8-7,5-1,0.561,19,110,108.5,1.57,,,,,,,,,,,,,,,,,,,,,,,,,,,,,,,,,,,,,
Detroit Pistons,DET,2018,39-43,25-16,14-27,24-28,15-15,7-11,9-7,8-10,4-6,7-3,4-6,28-29,11-14,4-7,19-23,5-3,9-3,6-9,3-11,6-6,7-8,3-3,0.476,20,103.8,103.9,-0.26,,,,,,,,,,,,,,,,,,,,,,,,,,,,,,,,,,,,,
Golden State Warriors,GOL,2018,58-24,29-12,29-12,24-6,34-18,9-1,6-4,9-1,8-10,13-3,13-5,44-14,14-10,5-1,38-13,5-3,11-3,13-2,11-3,8-3,7-7,3-3,0.707,7,113.5,107.5,5.79,,,,,,,,,,,,,,,,,,,,,,,,,,,,,,,,,,,,,
Houston Rockets,HOU,2018,65-17,34-7,31-10,24-6,41-11,6-4,9-1,9-1,16-2,13-5,12-4,44-13,21-4,5-3,38-8,5-3,12-1,9-5,10-4,12-0,14-1,3-3,0.793,—,112.4,103.9,8.21,,,,,,,,,,,,,,,,,,,,,,,,,,,,,,,,,,,,,
Indiana Pacers,IND,2018,48-34,27-14,21-20,32-20,16-14,11-7,10-6,11-7,3-7,9-1,4-6,33-25,15-9,11-2,20-16,4-3,8-7,7-8,10-5,5-4,11-4,3-3,0.585,11,105.6,104.2,1.18,,,,,,,,,,,,,,,,,,,,,,,,,,,,,,,,,,,,,
Los Angeles Clippers,LAC,2018,42-40,22-19,20-21,18-12,24-28,6-4,6-4,6-4,4-14,12-4,8-10,30-26,12-14,8-2,22-19,4-2,4-10,8-7,9-6,7-3,9-7,1-5,0.512,23,109,109,0.15,,,,,,,,,,,,,,,,,,,,,,,,,,,,,,,,,,,,,
Los Angeles Lakers,LOS,2018,35-47,20-21,15-26,16-14,19-33,5-5,5-5,6-4,4-14,6-10,9-9,23-34,12-13,6-7,18-21,3-4,5-9,3-11,8-7,7-3,7-8,2-5,0.427,30,108.1,109.6,-1.44,,,,,,,,,,,,,,,,,,,,,,,,,,,,,,,,,,,,,
Memphis Grizzlies,MEM,2018,22-60,16-25,6-35,4-26,18-34,2-8,1-9,1-9,5-13,8-10,5-11,18-38,4-22,5-12,8-26,5-2,2-11,5-12,6-7,0-10,3-13,1-5,0.268,43,99.3,105.5,-5.81,,,,,,,,,,,,,,,,,,,,,,,,,,,,,,,,,,,,,
Miami Heat,MIA,2018,44-38,26-15,18-23,31-21,13-17,9-9,11-7,11-5,4-6,5-5,4-6,30-28,14-10,9-9,16-13,2-4,8-7,9-6,10-5,3-7,9-7,3-2,0.54,15.00,103.4,102.9,0.15,,,,,,,,,,,,,,,,,,,,,,,,,,,,,,,,,,,,,
Milwaukee Bucks,MIL,2018,44-38,25-16,19-22,27-25,17-13,11-7,6-10,10-8,5-5,7-3,5-5,32-25,12-13,7-4,14-16,4-3,7-6,8-6,8-7,6-6,8-7,3-3,0.54,15.00,106.5,106.8,-0.45,,,,,,,,,,,,,,,,,,,,,,,,,,,,,,,,,,,,,
Minnesota Timberwolves,MIN,2018,47-35,30-11,17-24,13-17,34-18,4-6,4-6,5-5,10-6,14-4,10-8,36-25,11-10,7-7,25-12,4-3,9-6,10-5,9-8,6-4,6-7,3-2,0.573,18,109.5,107.3,2.35,,,,,,,,,,,,,,,,,,,,,,,,,,,,,,,,,,,,,
New Orleans Pelicans,NOP,2018,48-34,24-17,24-17,21-9,27-25,6-4,9-1,6-4,6-12,12-6,9-7,31-26,17-8,7-3,19-16,3-4,8-6,7-8,9-5,8-3,8-7,5-1,0.585,17,111.7,110.4,1.48,,,,,,,,,,,,,,,,,,,,,,,,,,,,,,,,,,,,,
New York Knicks,NYK,2018,29-53,19-22,10-31,17-35,12-18,6-10,4-14,7-11,4-6,5-5,3-7,23-36,6-17,2-7,15-30,3-3,8-7,7-8,5-11,1-9,3-12,2-3,0.354,30,104.5,108,-3.53,,,,,,,,,,,,,,,,,,,,,,,,,,,,,,,,,,,,,
Oklahoma City Thunder,OKC,2018,48-34,27-14,21-20,20-10,28-24,6-4,7-3,7-3,5-11,12-6,11-7,33-26,15-8,8-10,24-11,4-3,4-9,12-5,10-4,6-6,8-6,4-1,0.585,17,107.9,104.4,3.42,,,,,,,,,,,,,,,,,,,,,,,,,,,,,,,,,,,,,
Orlando Magic,ORL,2018,25-57,17-24,8-33,15-37,10-20,5-13,5-13,5-11,2-8,3-7,5-5,18-39,7-18,3-5,10-27,5-2,4-11,3-12,3-10,3-8,4-10,3-4,0.305,34,103.4,108.2,-4.92,,,,,,,,,,,,,,,,,,,,,,,,,,,,,,,,,,,,,
Philadelphia 76ers,PHI,2018,52-30,30-11,22-19,34-18,18-12,9-7,11-7,14-4,7-3,4-6,7-3,30-25,22-5,4-7,31-11,3-4,9-5,5-10,7-5,8-3,13-3,7-0,0.634,7,109.8,105.3,4.3,,,,,,,,,,,,,,,,,,,,,,,,,,,,,,,,,,,,,
Phoenix Suns,PHO,2018,21-61,10-31,11-30,6-24,15-37,2-8,2-8,2-8,5-13,4-12,6-12,18-41,3-20,6-5,5-40,3-4,5-11,6-9,4-10,1-10,0-14,2-3,0.256,44,103.9,113.3,-8.8,,,,,,,,,,,,,,,,,,,,,,,,,,,,,,,,,,,,,
Portland Trail Blazers,PLB,2018,49-33,28-13,21-20,18-12,31-21,4-6,6-4,8-2,9-7,15-3,7-11,32-26,17-7,8-8,20-12,4-3,9-6,5-8,11-5,6-4,12-3,2-4,0.598,16,105.6,103,2.6,,,,,,,,,,,,,,,,,,,,,,,,,,,,,,,,,,,,,
Sacramento Kings,SAC,2018,27-55,14-27,13-28,13-17,14-38,5-5,3-7,5-5,3-15,5-11,6-12,18-39,9-16,6-5,5-32,1-6,5-9,6-9,4-10,2-9,6-10,3-2,0.329,38,98.8,105.8,-6.6,,,,,,,,,,,,,,,,,,,,,,,,,,,,,,,,,,,,,
San Antonio Spurs,SAN,2018,47-35,33-8,14-27,18-12,29-23,6-4,5-5,7-3,9-9,11-7,9-7,35-24,12-11,8-10,25-17,4-3,10-4,11-5,9-7,2-7,8-6,3-3,0.573,18,102.7,99.8,2.89,,,,,,,,,,,,,,,,,,,,,,,,,,,,,,,,,,,,,
Toronto Raptors,TOR,2018,59-23,34-7,25-16,40-12,19-11,12-4,14-4,14-4,5-5,6-4,8-2,41-16,18-7,5-7,33-5,4-2,9-5,11-3,10-5,9-2,12-4,4-2,0.72,—,111.7,103.9,7.29,,,,,,,,,,,,,,,,,,,,,,,,,,,,,,,,,,,,,
Utah Jazz,UTA,2018,48-34,28-13,20-21,14-16,34-18,3-7,6-4,5-5,7-9,15-3,12-6,30-28,18-6,4-5,31-19,4-3,7-8,5-10,6-7,9-2,12-3,5-1,0.585,17,104.1,99.8,4.47,,,,,,,,,,,,,,,,,,,,,,,,,,,,,,,,,,,,,
Washington Wizards,WAS,2018,43-39,23-18,20-21,28-24,15-15,10-8,10-8,8-8,4-6,5-5,6-4,33-24,10-15,5-7,22-12,4-2,7-8,10-6,7-6,8-4,6-8,1-5,0.524,16,106.6,106,0.53,,,,,,,,,,,,,,,,,,,,,,,,,,,,,,,,,,,,,
Atlanta Hawks,ATL,2017,43-39,23-18,20-21,30-22,13-17,13-5,11-7,6-10,4-6,2-8,7-3,32-24,11-15,7-8,17-21,3-0,7-9,7-7,11-4,5-6,6-10,4-3,0.524,10,103.2,104,-1.23,,,,,,,,,,,,,,,,,,,,,,,,,,,,,,,,,,,,,
Boston Celtics,BOS,2017,53-29,30-11,23-18,36-16,17-13,11-5,11-7,14-4,5-5,6-4,6-4,37-20,16-9,7-6,17-11,2-1,8-7,10-6,10-4,8-4,11-5,4-2,0.646,—,108,105.4,2.25,,,,,,,,,,,,,,,,,,,,,,,,,,,,,,,,,,,,,
Brooklyn Nets,BKN,2017,20-62,13-28,7-34,11-41,9-21,3-13,4-14,4-14,2-8,5-5,2-8,9-47,11-15,3-6,9-30,1-3,4-9,3-12,1-15,0-10,7-10,4-3,0.244,33,105.8,112.5,-6.74,,,,,,,,,,,,,,,,,,,,,,,,,,,,,,,,,,,,,
Charlotte Hornets,CLH,2017,36-46,22-19,14-27,22-30,14-16,7-11,5-13,10-6,7-3,4-6,3-7,24-32,12-14,0-9,19-18,2-1,8-7,9-7,4-11,3-8,9-7,1-5,0.439,17,104.9,104.7,-0.07,,,,,,,,,,,,,,,,,,,,,,,,,,,,,,,,,,,,,
Chicago Bulls,CHI,2017,41-41,25-16,16-25,28-24,13-17,10-8,9-7,9-9,4-6,5-5,4-6,28-29,13-12,5-6,17-23,3-0,7-7,6-11,8-7,6-5,6-9,5-2,0.5,12,102.9,102.4,0.03,,,,,,,,,,,,,,,,,,,,,,,,,,,,,,,,,,,,,
Cleveland Cavaliers,CLE,2017,51-31,31-10,20-21,35-17,16-14,16-2,8-8,11-7,6-4,6-4,4-6,39-16,12-15,3-4,25-15,3-0,10-3,12-4,7-8,9-2,7-10,3-4,0.622,2,110.3,107.2,2.87,,,,,,,,,,,,,,,,,,,,,,,,,,,,,,,,,,,,,
Dallas Mavericks,DAL,2017,33-49,21-20,12-29,14-16,19-33,4-6,6-4,4-6,6-12,8-10,5-11,22-34,11-15,4-6,14-26,0-3,3-11,7-10,8-6,6-5,7-9,2-5,0.402,34,97.9,100.8,-2.53,,,,,,,,,,,,,,,,,,,,,,,,,,,,,,,,,,,,,
Denver Nuggets,DEN,2017,40-42,22-19,18-23,16-14,24-28,6-4,7-3,3-7,6-10,12-6,6-12,25-31,15-11,5-10,24-19,1-2,6-9,7-8,7-7,6-7,8-7,5-2,0.488,27,111.7,111.2,0.7,,,,,,,,,,,,,,,,,,,,,,,,,,,,,,,,,,,,,
Detroit Pistons,DET,2017,37-45,24-17,13-28,21-31,16-14,7-11,5-11,9-9,7-3,4-6,5-5,27-30,10-15,5-7,23-26,2-1,8-9,5-10,6-7,8-4,6-11,2-3,0.451,16,101.3,102.5,-1.29,,,,,,,,,,,,,,,,,,,,,,,,,,,,,,,,,,,,,
Golden State Warriors,GOL,2017,67-15,36-5,31-10,25-5,42-10,9-1,8-2,8-2,15-3,14-2,13-5,47-9,20-6,3-4,48-6,2-1,14-1,13-3,12-2,9-3,12-4,5-1,0.817,—,115.9,104.3,11.35,,,,,,,,,,,,,,,,,,,,,,,,,,,,,,,,,,,,,
Houston Rockets,HOU,2017,55-27,30-11,25-16,19-11,36-16,8-2,5-5,6-4,13-5,13-5,10-6,40-18,15-9,8-3,30-11,2-1,9-6,15-2,10-7,6-3,9-6,4-2,0.671,12,115.3,109.6,5.84,,,,,,,,,,,,,,,,,,,,,,,,,,,,,,,,,,,,,
Indiana Pacers,IND,2017,42-40,29-12,13-28,26-26,16-14,8-10,8-8,10-8,5-5,6-4,5-5,29-28,13-12,4-2,23-19,1-2,8-8,7-8,9-4,6-7,6-10,5-1,0.512,11,105.1,105.3,-0.64,,,,,,,,,,,,,,,,,,,,,,,,,,,,,,,,,,,,,
Los Angeles Clippers,LAC,2017,51-31,29-12,22-19,20-10,31-21,6-4,5-5,9-1,10-8,10-6,11-7,35-21,16-10,3-6,33-14,3-0,11-5,8-9,8-4,6-5,10-8,5-0,0.622,16,108.7,104.4,4.42,,,,,,,,,,,,,,,,,,,,,,,,,,,,,,,,,,,,,
Los Angeles Lakers,LOS,2017,26-56,17-24,9-32,10-20,16-36,3-7,3-7,4-6,4-14,6-10,6-12,19-39,7-17,2-4,14-31,1-2,9-8,2-14,5-10,2-8,2-12,5-2,0.317,41,104.6,111.5,-6.29,,,,,,,,,,,,,,,,,,,,,,,,,,,,,,,,,,,,,
Memphis Grizzlies,MEM,2017,43-39,24-17,19-22,15-15,28-24,5-5,5-5,5-5,11-7,9-9,8-8,34-24,9-15,7-5,17-20,2-1,9-7,11-6,7-7,7-4,6-9,1-5,0.524,24,100.5,100,0.96,,,,,,,,,,,,,,,,,,,,,,,,,,,,,,,,,,,,,
Miami Heat,MIA,2017,41-41,23-18,18-23,27-25,14-16,7-11,11-7,9-7,4-6,5-5,5-5,25-32,16-9,8-6,19-13,1-2,5-10,4-12,9-6,8-3,10-6,4-2,0.5,12,103.2,102.1,0.77,,,,,,,,,,,,,,,,,,,,,,,,,,,,,,,,,,,,,
Milwaukee Bucks,MIL,2017,42-40,23-18,19-22,27-25,15-15,10-8,10-6,7-11,4-6,7-3,4-6,25-30,17-10,8-2,21-22,1-2,7-6,8-8,5-10,5-6,14-4,2-4,0.512,11,103.6,103.8,-0.45,,,,,,,,,,,,,,,,,,,,,,,,,,,,,,,,,,,,,
Minnesota Timberwolves,MIN,2017,31-51,20-21,11-30,13-17,18-34,3-7,4-6,6-4,5-11,9-9,4-14,22-35,9-16,7-10,18-19,0-2,5-11,6-9,8-7,5-7,6-8,1-7,0.378,36,105.6,106.7,-0.64,,,,,,,,,,,,,,,,,,,,,,,,,,,,,,,,,,,,,
New Orleans Pelicans,NOP,2017,34-48,21-20,13-28,14-16,20-32,5-5,4-6,5-5,7-11,7-11,6-10,23-34,11-14,7-6,17-22,0-3,7-9,7-9,5-9,4-7,10-6,1-5,0.415,33,104.3,106.4,-1.69,,,,,,,,,,,,,,,,,,,,,,,,,,,,,,,,,,,,,
New York Knicks,NYK,2017,31-51,19-22,12-29,22-30,9-21,5-11,9-9,8-10,3-7,3-7,3-7,23-34,8-17,7-10,10-25,1-1,8-8,7-8,5-12,3-7,5-11,2-4,0.378,22,104.3,108,-3.87,,,,,,,,,,,,,,,,,,,,,,,,,,,,,,,,,,,,,
Oklahoma City Thunder,OKC,2017,47-35,28-13,19-22,18-12,29-23,9-1,4-6,5-5,10-6,8-10,11-7,32-25,15-10,12-7,23-21,3-0,9-8,9-5,7-8,7-4,8-7,4-3,0.573,20,106.6,105.8,1.14,,,,,,,,,,,,,,,,,,,,,,,,,,,,,,,,,,,,,
Orlando Magic,ORL,2017,29-53,16-25,13-28,20-32,9-21,8-10,5-13,7-9,2-8,3-7,4-6,21-37,8-16,5-5,10-32,0-3,7-8,8-8,4-12,3-7,5-11,2-4,0.354,24,101.1,107.6,-6.61,,,,,,,,,,,,,,,,,,,,,,,,,,,,,,,,,,,,,
Philadelphia 76ers,PHI,2017,28-54,17-24,11-30,19-33,9-21,7-9,5-13,7-11,3-7,4-6,2-8,21-35,7-19,9-8,7-29,0-2,4-12,4-10,10-5,4-8,6-11,0-6,0.341,25,102.4,108.1,-5.83,,,,,,,,,,,,,,,,,,,,,,,,,,,,,,,,,,,,,
Phoenix Suns,PHO,2017,24-58,15-26,9-32,13-17,11-41,6-4,3-7,4-6,3-15,3-13,5-13,18-39,6-19,9-5,7-32,0-4,6-9,4-11,5-9,3-9,4-12,2-4,0.293,43,107.7,113.3,-5.14,,,,,,,,,,,,,,,,,,,,,,,,,,,,,,,,,,,,,
Portland Trail Blazers,PLB,2017,41-41,25-16,16-25,13-17,28-24,5-5,3-7,5-5,11-5,9-9,8-10,23-33,18-8,7-11,18-16,2-1,8-9,4-11,8-7,2-7,13-3,4-3,0.5,26,107.9,108.5,-0.23,,,,,,,,,,,,,,,,,,,,,,,,,,,,,,,,,,,,,
Sacramento Kings,SAC,2017,32-50,17-24,15-26,11-19,21-31,5-5,3-7,3-7,8-10,7-9,6-12,24-33,8-17,10-6,9-27,2-2,5-9,7-8,5-11,6-5,4-12,3-3,0.39,35,102.8,106.7,-3.29,,,,,,,,,,,,,,,,,,,,,,,,,,,,,,,,,,,,,
San Antonio Spurs,SAN,2017,61-21,31-10,30-11,25-5,36-16,9-1,8-2,8-2,13-5,12-6,11-5,43-13,18-8,8-5,30-8,4-0,11-4,12-2,10-5,8-2,13-4,3-4,0.744,6,105.3,98.1,7.13,,,,,,,,,,,,,,,,,,,,,,,,,,,,,,,,,,,,,
Toronto Raptors,TOR,2017,51-31,28-13,23-18,34-18,17-13,14-2,10-8,10-8,8-2,3-7,6-4,33-24,18-7,8-7,26-8,2-1,10-5,10-4,8-9,6-5,10-6,5-1,0.622,2,106.9,102.6,3.65,,,,,,,,,,,,,,,,,,,,,,,,,,,,,,,,,,,,,
Utah Jazz,UTA,2017,51-31,29-12,22-19,20-10,31-21,6-4,6-4,8-2,8-8,12-6,11-7,35-22,16-9,4-4,23-10,1-2,10-6,10-5,9-6,7-4,10-6,4-2,0.622,16,100.7,96.8,4,,,,,,,,,,,,,,,,,,,,,,,,,,,,,,,,,,,,,
Washington Wizards,WAS,2017,49-33,30-11,19-22,32-20,17-13,12-6,12-6,8-8,6-4,8-2,3-7,34-21,15-12,9-6,18-12,0-2,6-9,10-5,12-4,7-3,11-7,3-3,0.598,4,109.2,107.4,1.36,,,,,,,,,,,,,,,,,,,,,,,,,,,,,,,,,,,,,
Atlanta Hawks,ATL,2016,48-34,27-14,21-20,29-23,19-11,11-7,10-8,8-8,6-4,5-5,8-2,31-24,17-10,5-7,29-17,2-1,10-7,9-5,6-9,6-5,12-4,3-3,0.585,9,102.8,99.2,3.49,,,,,,,,,,,,,,,,,,,,,,,,,,,,,,,,,,,,,
Boston Celtics,BOS,2016,48-34,28-13,20-21,31-21,17-13,10-6,9-9,12-6,6-4,7-3,4-6,32-23,16-11,5-7,26-13,1-1,9-7,8-6,9-8,9-3,7-7,5-2,0.585,9,105.7,102.5,2.84,,,,,,,,,,,,,,,,,,,,,,,,,,,,,,,,,,,,,
Brooklyn Nets,BKN,2016,21-61,14-27,7-34,12-40,9-21,6-10,4-14,2-16,4-6,3-7,2-8,14-40,7-21,7-4,6-34,0-3,4-10,5-10,3-13,5-7,4-11,0-7,0.256,36,98.6,106,-7.12,,,,,,,,,,,,,,,,,,,,,,,,,,,,,,,,,,,,,
Charlotte Hornets,CLH,2016,48-34,30-11,18-23,33-19,15-15,13-5,12-6,8-8,4-6,5-5,6-4,27-26,21-8,6-5,25-17,0-2,10-5,7-7,6-11,7-3,13-3,5-3,0.585,9,103.4,100.7,2.36,,,,,,,,,,,,,,,,,,,,,,,,,,,,,,,,,,,,,
Chicago Bulls,CHI,2016,42-40,26-15,16-25,25-27,17-13,12-6,10-6,3-15,5-5,6-4,6-4,27-25,15-15,10-4,14-19,2-1,8-4,8-7,8-8,4-8,8-9,4-3,0.512,15,101.6,103.1,-1.46,,,,,,,,,,,,,,,,,,,,,,,,,,,,,,,,,,,,,
Cleveland Cavaliers,CLE,2016,57-25,33-8,24-17,35-17,22-8,14-4,8-8,13-5,8-2,8-2,6-4,38-14,19-11,4-7,32-8,2-1,11-3,8-5,13-3,8-5,11-5,4-3,0.695,—,104.3,98.3,5.45,,,,,,,,,,,,,,,,,,,,,,,,,,,,,,,,,,,,,
Dallas Mavericks,DAL,2016,42-40,23-18,19-22,15-15,27-25,8-2,4-6,3-7,11-7,9-9,7-9,29-26,13-14,6-11,19-18,1-1,9-7,9-5,9-9,4-6,5-10,5-2,0.512,31,102.3,102.6,-0.02,,,,,,,,,,,,,,,,,,,,,,,,,,,,,,,,,,,,,
Denver Nuggets,DEN,2016,33-49,18-23,15-26,15-15,18-34,6-4,5-5,4-6,4-12,7-11,7-11,22-32,11-17,10-5,11-21,1-1,5-11,6-9,6-9,5-7,9-8,1-4,0.402,40,101.9,105,-2.81,,,,,,,,,,,,,,,,,,,,,,,,,,,,,,,,,,,,,
Detroit Pistons,DET,2016,44-38,26-15,18-23,29-23,15-15,11-7,10-6,8-10,7-3,5-5,3-7,27-27,17-11,6-5,21-20,3-0,6-9,9-6,7-8,6-6,9-6,4-3,0.537,13,102,101.4,0.43,,,,,,,,,,,,,,,,,,,,,,,,,,,,,,,,,,,,,
Golden State Warriors,GOL,2016,73-9,39-2,34-7,27-3,46-6,9-1,8-2,10-0,15-3,15-1,16-2,48-4,25-5,7-2,44-5,3-0,16-0,11-2,14-2,9-1,15-2,5-2,0.89,—,114.9,104.1,10.38,,,,,,,,,,,,,,,,,,,,,,,,,,,,,,,,,,,,,
Houston Rockets,HOU,2016,41-41,23-18,18-23,13-17,28-24,6-4,3-7,4-6,9-9,11-7,8-8,27-28,14-13,5-8,14-18,0-2,7-9,9-7,9-7,4-6,8-8,4-2,0.5,32,106.5,106.4,0.34,,,,,,,,,,,,,,,,,,,,,,,,,,,,,,,,,,,,,
Indiana Pacers,IND,2016,45-37,26-15,19-22,30-22,15-15,13-5,8-8,9-9,4-6,5-5,6-4,28-25,17-12,9-9,21-13,0-3,11-2,7-9,7-8,6-7,8-7,6-1,0.549,12,102.2,100.5,1.62,,,,,,,,,,,,,,,,,,,,,,,,,,,,,,,,,,,,,
Los Angeles Clippers,LAC,2016,53-29,29-12,24-17,22-8,31-21,7-3,6-4,9-1,11-7,9-7,11-7,35-18,18-11,8-4,28-15,3-0,7-8,11-5,11-3,7-4,8-8,6-1,0.646,20,104.5,100.2,4.13,,,,,,,,,,,,,,,,,,,,,,,,,,,,,,,,,,,,,
Los Angeles Lakers,LOS,2016,17-65,12-29,5-36,9-21,8-44,4-6,2-8,3-7,3-15,2-14,3-15,11-44,6-21,2-7,4-44,0-2,2-12,4-13,3-14,2-8,5-10,1-6,0.207,56,97.3,106.9,-8.92,,,,,,,,,,,,,,,,,,,,,,,,,,,,,,,,,,,,,
Memphis Grizzlies,MEM,2016,42-40,26-15,16-25,17-13,25-27,7-3,7-3,3-7,9-9,9-9,7-9,31-22,11-18,8-3,15-23,2-1,8-7,8-8,10-4,7-4,6-10,1-6,0.512,31,99.1,101.3,-2.14,,,,,,,,,,,,,,,,,,,,,,,,,,,,,,,,,,,,,
Miami Heat,MIA,2016,48-34,28-13,20-21,31-21,17-13,10-8,11-7,10-6,6-4,5-5,6-4,29-24,19-10,7-5,24-20,1-1,9-5,8-7,9-8,6-5,10-5,5-3,0.585,9,100,98.4,1.5,,,,,,,,,,,,,,,,,,,,,,,,,,,,,,,,,,,,,
Milwaukee Bucks,MIL,2016,33-49,23-18,10-31,21-31,12-18,9-9,4-12,8-10,4-6,4-6,4-6,22-32,11-17,6-4,12-27,0-2,7-9,6-10,7-8,5-6,6-9,2-5,0.402,24,99,103.2,-3.98,,,,,,,,,,,,,,,,,,,,,,,,,,,,,,,,,,,,,
Minnesota Timberwolves,MIN,2016,29-53,14-27,15-26,11-19,18-34,5-5,2-8,4-6,4-12,10-8,4-14,17-37,12-16,7-7,9-23,2-0,6-9,4-12,2-14,5-6,6-9,4-3,0.354,44,102.4,106,-3.38,,,,,,,,,,,,,,,,,,,,,,,,,,,,,,,,,,,,,
New Orleans Pelicans,NOP,2016,30-52,21-20,9-32,10-20,20-32,4-6,4-6,2-8,8-10,8-10,4-12,20-33,10-19,5-5,11-23,0-3,4-10,6-9,8-6,5-7,5-12,2-5,0.366,43,102.7,106.5,-3.56,,,,,,,,,,,,,,,,,,,,,,,,,,,,,,,,,,,,,
New York Knicks,NYK,2016,32-50,18-23,14-27,21-31,11-19,8-8,7-11,6-12,5-5,4-6,2-8,23-32,9-18,4-7,14-23,2-1,6-9,7-8,8-9,2-9,5-10,2-4,0.39,25,98.4,101.1,-2.74,,,,,,,,,,,,,,,,,,,,,,,,,,,,,,,,,,,,,
Oklahoma City Thunder,OKC,2016,55-27,32-9,23-18,18-12,37-15,6-4,4-6,8-2,13-3,12-6,12-6,40-14,15-13,8-6,33-5,2-0,9-7,12-3,13-3,6-5,11-5,2-4,0.671,18,110.2,102.9,7.09,,,,,,,,,,,,,,,,,,,,,,,,,,,,,,,,,,,,,
Orlando Magic,ORL,2016,35-47,23-18,12-29,21-31,14-16,12-6,5-13,4-12,7-3,2-8,5-5,23-29,12-18,6-10,12-20,0-2,9-6,10-5,2-12,5-7,6-11,3-4,0.427,22,102.1,103.7,-1.68,,,,,,,,,,,,,,,,,,,,,,,,,,,,,,,,,,,,,
Philadelphia 76ers,PHI,2016,10-72,7-34,3-38,3-49,7-23,2-14,0-18,1-17,2-8,4-6,1-9,8-45,2-27,0-6,5-41,0-2,0-16,3-13,4-10,1-11,1-14,1-6,0.122,47,97.4,107.6,-9.92,,,,,,,,,,,,,,,,,,,,,,,,,,,,,,,,,,,,,
Phoenix Suns,PHO,2016,23-59,14-27,9-32,6-24,17-35,1-9,1-9,4-6,6-12,6-10,5-13,14-40,9-19,4-5,10-32,2-1,6-8,4-14,2-12,1-9,5-11,3-4,0.28,50,100.9,107.5,-6.32,,,,,,,,,,,,,,,,,,,,,,,,,,,,,,,,,,,,,
Portland Trail Blazers,PLB,2016,44-38,28-13,16-25,15-15,29-23,5-5,5-5,5-5,11-5,10-8,8-10,27-27,17-11,2-7,23-21,1-2,6-9,7-10,9-5,9-2,8-8,4-2,0.537,29,105.1,104.3,0.98,,,,,,,,,,,,,,,,,,,,,,,,,,,,,,,,,,,,,
Sacramento Kings,SAC,2016,33-49,18-23,15-26,14-16,19-33,6-4,5-5,3-7,7-11,8-8,4-14,22-31,11-18,8-4,11-19,1-2,6-10,5-8,8-7,4-7,6-11,3-4,0.402,40,106.6,109.1,-2.32,,,,,,,,,,,,,,,,,,,,,,,,,,,,,,,,,,,,,
San Antonio Spurs,SAN,2016,67-15,40-1,27-14,24-6,43-9,9-1,7-3,8-2,15-3,14-4,14-2,45-8,22-7,4-4,44-6,1-1,13-3,14-2,11-2,11-1,13-3,4-3,0.817,6,103.5,92.9,10.28,,,,,,,,,,,,,,,,,,,,,,,,,,,,,,,,,,,,,
Toronto Raptors,TOR,2016,56-26,32-9,24-17,39-13,17-13,14-2,11-7,14-4,5-5,5-5,7-3,35-17,21-9,6-6,28-10,2-0,9-7,9-6,12-2,7-4,11-5,6-2,0.683,1,102.7,98.2,4.08,,,,,,,,,,,,,,,,,,,,,,,,,,,,,,,,,,,,,
Utah Jazz,UTA,2016,40-42,24-17,16-25,16-14,24-28,6-4,6-4,4-6,8-8,9-9,7-11,26-26,14-16,6-8,23-13,2-1,6-7,6-9,7-8,7-6,9-7,3-4,0.488,33,97.7,95.9,1.84,,,,,,,,,,,,,,,,,,,,,,,,,,,,,,,,,,,,,
Washington Wizards,WAS,2016,41-41,22-19,19-22,30-22,11-19,9-9,11-7,10-6,2-8,4-6,5-5,23-28,18-13,7-6,22-22,2-1,4-7,8-8,7-8,8-6,7-9,5-2,0.5,16,104.1,104.6,-0.5,,,,,,,,,,,,,,,,,,,,,,,,,,,,,,,,,,,,,
Atlanta Hawks,ATL,2015,60-22,35-6,25-16,38-14,22-8,12-6,14-4,12-4,8-2,8-2,6-4,43-11,17-11,6-4,30-10,0-1,9-5,14-2,17-0,7-4,9-7,4-3,0.732,—,102.5,97.1,4.75,,,,,,,,,,,,,,,,,,,,,,,,,,,,,,,,,,,,,
Boston Celtics,BOS,2015,40-42,21-20,19-22,28-24,12-18,12-4,9-9,7-11,6-4,3-7,3-7,20-31,20-11,8-6,17-14,1-0,3-10,7-8,5-11,7-4,10-8,7-1,0.488,9,101.4,101.2,-0.4,,,,,,,,,,,,,,,,,,,,,,,,,,,,,,,,,,,,,
Brooklyn Nets,BKN,2015,38-44,19-22,19-22,24-28,14-16,10-6,7-11,7-11,6-4,6-4,2-8,21-31,17-13,10-2,15-23,0-1,6-8,9-7,3-12,6-5,9-7,5-4,0.463,11,98,100.9,-3.13,,,,,,,,,,,,,,,,,,,,,,,,,,,,,,,,,,,,,
Charlotte Hornets,CLH,2015,33-49,19-22,14-27,25-27,8-22,10-8,7-11,8-8,5-5,2-8,1-9,22-30,11-19,6-8,13-22,1-0,3-14,6-9,10-4,3-6,8-9,2-7,0.402,27,94.2,97.3,-3.44,,,,,,,,,,,,,,,,,,,,,,,,,,,,,,,,,,,,,
Chicago Bulls,CHI,2015,50-32,27-14,23-18,33-19,17-13,16-2,8-8,9-9,6-4,5-5,6-4,34-20,16-12,7-2,20-16,1-1,10-5,11-4,8-9,7-3,8-7,5-3,0.61,3,100.8,97.8,2.54,,,,,,,,,,,,,,,,,,,,,,,,,,,,,,,,,,,,,
Cleveland Cavaliers,CLE,2015,53-29,31-10,22-19,35-17,18-12,12-6,11-5,12-6,6-4,7-3,5-5,33-22,20-7,6-4,30-14,1-1,7-6,10-7,11-6,8-3,11-4,5-2,0.646,—,103.1,98.7,4.08,,,,,,,,,,,,,,,,,,,,,,,,,,,,,,,,,,,,,
Dallas Mavericks,DAL,2015,50-32,27-14,23-18,21-9,29-23,9-1,5-5,7-3,13-5,9-9,7-9,36-19,14-13,5-4,22-18,1-1,12-4,10-5,9-7,7-5,6-7,5-3,0.61,6,105.2,102.3,3.36,,,,,,,,,,,,,,,,,,,,,,,,,,,,,,,,,,,,,
Denver Nuggets,DEN,2015,30-52,19-22,11-30,11-19,19-33,1-9,6-4,4-6,6-10,8-10,5-13,20-33,10-19,4-4,17-28,1-0,7-8,5-11,6-10,1-9,8-8,2-6,0.366,21,101.5,105,-3.07,,,,,,,,,,,,,,,,,,,,,,,,,,,,,,,,,,,,,
Detroit Pistons,DET,2015,32-50,18-23,14-27,23-29,9-21,8-10,6-10,9-9,2-8,3-7,4-6,21-33,11-17,7-6,19-25,0-2,3-12,5-9,10-7,5-6,6-9,3-5,0.39,21,98.5,99.5,-1.39,,,,,,,,,,,,,,,,,,,,,,,,,,,,,,,,,,,,,
Golden State Warriors,GOL,2015,67-15,39-2,28-13,25-5,42-10,9-1,7-3,9-1,15-3,13-3,14-4,42-9,25-6,5-3,45-9,1-0,13-2,11-3,12-3,8-3,16-2,6-2,0.817,—,110,99.9,10.01,,,,,,,,,,,,,,,,,,,,,,,,,,,,,,,,,,,,,
Houston Rockets,HOU,2015,56-26,30-11,26-15,23-7,33-19,9-1,8-2,6-4,15-3,10-8,8-8,36-17,20-9,8-4,31-14,2-0,11-4,9-5,11-6,7-3,10-6,6-2,0.683,—,103.9,100.5,3.82,,,,,,,,,,,,,,,,,,,,,,,,,,,,,,,,,,,,,
Indiana Pacers,IND,2015,38-44,23-18,15-26,28-24,10-20,9-9,8-8,11-7,4-6,2-8,4-6,21-33,17-11,4-12,19-20,1-1,6-9,5-11,5-11,7-2,8-8,6-2,0.463,15,97.3,97,-0.23,,,,,,,,,,,,,,,,,,,,,,,,,,,,,,,,,,,,,
Los Angeles Clippers,LAC,2015,56-26,30-11,26-15,19-11,37-15,7-3,6-4,6-4,15-3,12-4,10-8,35-19,21-7,3-5,33-9,2-0,9-5,11-6,11-4,5-6,11-5,7-0,0.683,11,106.7,100.1,6.8,,,,,,,,,,,,,,,,,,,,,,,,,,,,,,,,,,,,,
Los Angeles Lakers,LOS,2015,21-61,12-29,9-32,12-18,9-43,4-6,5-5,3-7,5-13,2-14,2-16,13-40,8-21,6-6,5-30,0-3,4-10,6-9,3-12,3-7,4-12,1-8,0.256,46,98.5,105.3,-6.17,,,,,,,,,,,,,,,,,,,,,,,,,,,,,,,,,,,,,
Memphis Grizzlies,MEM,2015,55-27,31-10,24-17,20-10,35-17,8-2,5-5,7-3,13-5,13-5,9-7,39-14,16-13,9-3,26-13,2-0,13-2,8-6,12-4,7-4,9-8,4-3,0.671,1,98.3,95.1,3.62,,,,,,,,,,,,,,,,,,,,,,,,,,,,,,,,,,,,,
Miami Heat,MIA,2015,37-45,20-21,17-24,25-27,12-18,14-4,5-13,6-10,4-6,7-3,1-9,22-30,15-15,4-10,15-28,1-0,8-7,5-12,6-7,5-7,9-7,3-5,0.451,23,94.7,97.3,-2.92,,,,,,,,,,,,,,,,,,,,,,,,,,,,,,,,,,,,,
Milwaukee Bucks,MIL,2015,41-41,23-18,18-23,30-22,11-19,14-4,7-9,9-9,5-5,5-5,1-9,30-23,11-18,5-9,17-16,1-1,9-7,7-8,8-6,7-5,4-11,5-3,0.5,12,97.8,97.4,-0.09,,,,,,,,,,,,,,,,,,,,,,,,,,,,,,,,,,,,,
Minnesota Timberwolves,MIN,2015,16-66,9-32,7-34,9-21,7-45,4-6,3-7,2-8,4-12,2-16,1-17,11-42,5-24,6-6,4-40,1-1,3-10,1-14,3-14,5-6,3-13,0-8,0.195,35,97.8,106.5,-8,,,,,,,,,,,,,,,,,,,,,,,,,,,,,,,,,,,,,
New Orleans Pelicans,NOP,2015,45-37,28-13,17-24,16-14,29-23,6-4,5-5,5-5,10-8,11-7,8-8,27-26,18-11,10-4,19-14,1-0,6-8,9-8,9-6,6-5,8-7,6-3,0.549,11,99.4,98.6,1.13,,,,,,,,,,,,,,,,,,,,,,,,,,,,,,,,,,,,,
New York Knicks,NYK,2015,17-65,10-31,7-34,11-41,6-24,5-11,2-16,4-14,2-8,2-8,2-8,10-43,7-22,2-7,3-39,1-1,3-13,1-15,4-9,3-8,2-14,3-5,0.207,32,91.9,101.2,-9.5,,,,,,,,,,,,,,,,,,,,,,,,,,,,,,,,,,,,,
Oklahoma City Thunder,OKC,2015,45-37,29-12,16-25,20-10,25-27,6-4,5-5,9-1,10-6,11-7,4-14,28-25,17-12,4-8,26-14,0-2,5-10,11-5,7-7,9-3,10-5,3-5,0.549,6,104,101.8,2.47,,,,,,,,,,,,,,,,,,,,,,,,,,,,,,,,,,,,,
Orlando Magic,ORL,2015,25-57,13-28,12-29,15-37,10-20,6-12,5-13,4-12,4-6,4-6,2-8,17-39,8-18,6-8,4-27,0-2,7-10,6-10,2-13,4-6,3-11,3-5,0.305,35,95.7,101.4,-5.87,,,,,,,,,,,,,,,,,,,,,,,,,,,,,,,,,,,,,
Philadelphia 76ers,PHI,2015,18-64,12-29,6-35,12-40,6-24,2-14,5-13,5-13,4-6,1-9,1-9,12-41,6-23,3-7,5-41,0-2,0-14,4-10,6-12,3-7,5-12,0-7,0.22,31,92,101,-9.04,,,,,,,,,,,,,,,,,,,,,,,,,,,,,,,,,,,,,
Phoenix Suns,PHO,2015,39-43,22-19,17-24,18-12,21-31,8-2,6-4,4-6,9-9,6-10,6-12,29-25,10-18,4-12,14-19,2-0,8-8,8-8,10-5,3-8,7-8,1-6,0.476,28,102.4,103.3,-0.38,,,,,,,,,,,,,,,,,,,,,,,,,,,,,,,,,,,,,
Portland Trail Blazers,PLB,2015,51-31,32-9,19-22,20-10,31-21,8-2,7-3,5-5,11-5,10-8,10-8,36-17,15-14,5-1,30-11,1-1,12-3,13-3,6-9,6-3,10-6,3-6,0.622,—,102.8,98.6,4.41,,,,,,,,,,,,,,,,,,,,,,,,,,,,,,,,,,,,,
Sacramento Kings,SAC,2015,29-53,18-23,11-30,11-19,18-34,4-6,4-6,3-7,8-10,7-9,3-15,18-34,11-19,6-4,12-28,1-1,8-7,4-11,4-10,3-7,6-11,3-6,0.354,38,101.3,105,-3.07,,,,,,,,,,,,,,,,,,,,,,,,,,,,,,,,,,,,,
San Antonio Spurs,SAN,2015,55-27,33-8,22-19,23-7,32-20,7-3,7-3,9-1,12-6,12-6,8-8,34-19,21-8,6-7,34-7,1-1,11-3,8-10,10-4,6-5,12-3,7-1,0.671,1,103.2,97,6.34,,,,,,,,,,,,,,,,,,,,,,,,,,,,,,,,,,,,,
Toronto Raptors,TOR,2015,49-33,27-14,22-19,33-19,16-14,11-5,8-10,14-4,7-3,6-4,3-7,36-17,13-16,6-5,29-11,1-0,12-4,11-4,9-7,4-7,7-8,5-3,0.598,—,104,100.9,2.45,,,,,,,,,,,,,,,,,,,,,,,,,,,,,,,,,,,,,
Utah Jazz,UTA,2015,38-44,21-20,17-24,15-15,23-29,6-4,6-4,3-7,9-7,7-11,7-11,19-34,19-10,5-10,18-19,0-2,5-10,6-9,6-9,6-5,10-6,5-3,0.463,13,95.1,94.9,0.71,,,,,,,,,,,,,,,,,,,,,,,,,,,,,,,,,,,,,
Washington Wizards,WAS,2015,46-36,29-12,17-24,30-22,16-14,11-7,9-9,10-6,6-4,4-6,6-4,33-21,13-15,9-4,21-14,1-1,9-4,12-4,9-8,3-9,7-7,5-3,0.561,14,98.5,97.8,0.17,,,,,,,,,,,,,,,,,,,,,,,,,,,,,,,,,,,,,
Atlanta Hawks,ATL,2014,38-44,24-17,14-27,28-24,10-20,10-8,10-8,8-8,4-6,4-6,2-8,25-26,13-18,8-9,15-16,0-1,9-8,9-5,6-7,2-10,6-10,6-3,0.463,16,101,101.5,-0.88,,,,,,,,,,,,,,,,,,,,,,,,,,,,,,,,,,,,,
Boston Celtics,BOS,2014,25-57,16-25,9-32,21-31,4-26,5-11,6-12,10-8,3-7,1-9,0-10,19-35,6-22,5-9,9-23,0-1,7-11,6-6,2-15,5-6,3-12,2-6,0.305,23,96.2,100.7,-4.97,,,,,,,,,,,,,,,,,,,,,,,,,,,,,,,,,,,,,
Brooklyn Nets,BKN,2014,44-38,28-13,16-25,26-26,18-12,9-7,7-11,10-8,5-5,6-4,7-3,24-27,20-11,8-3,17-20,0-1,5-11,5-9,10-3,7-5,12-4,5-5,0.537,4,98.5,99.5,-1.58,,,,,,,,,,,,,,,,,,,,,,,,,,,,,,,,,,,,,
Charlotte Hornets,CLH,2014,43-39,25-16,18-23,30-22,13-17,11-7,13-5,6-10,4-6,6-4,3-7,23-30,20-9,8-8,18-19,0-1,8-8,6-9,7-9,6-4,9-7,7-1,0.524,11,96.9,97.1,-0.89,,,,,,,,,,,,,,,,,,,,,,,,,,,,,,,,,,,,,
Chicago Bulls,CHI,2014,48-34,27-14,21-20,35-17,13-17,12-6,11-5,12-6,3-7,6-4,4-6,27-25,21-9,6-5,27-19,1-1,6-7,5-10,11-4,9-4,10-6,6-2,0.585,8,93.7,91.8,1.2,,,,,,,,,,,,,,,,,,,,,,,,,,,,,,,,,,,,,
Cleveland Cavaliers,CLE,2014,33-49,19-22,14-27,21-31,12-18,8-10,7-9,6-12,6-4,5-5,1-9,20-33,13-16,7-5,13-27,1-0,4-12,5-9,6-9,8-6,6-9,3-4,0.402,23,98.2,101.5,-3.86,,,,,,,,,,,,,,,,,,,,,,,,,,,,,,,,,,,,,
Dallas Mavericks,DAL,2014,49-33,26-15,23-18,20-10,29-23,5-5,9-1,6-4,10-8,10-8,9-7,32-22,17-11,11-11,23-10,1-0,9-8,8-5,9-8,9-3,8-6,5-3,0.598,13,104.8,102.4,2.91,,,,,,,,,,,,,,,,,,,,,,,,,,,,,,,,,,,,,
Denver Nuggets,DEN,2014,36-46,22-19,14-27,16-14,20-32,5-5,5-5,6-4,5-11,8-10,7-11,24-27,12-19,8-5,16-24,0-1,9-5,5-10,8-7,3-9,7-10,4-4,0.439,23,104.4,106.5,-1.4,,,,,,,,,,,,,,,,,,,,,,,,,,,,,,,,,,,,,
Detroit Pistons,DET,2014,29-53,17-24,12-29,23-29,6-24,11-7,6-10,6-12,2-8,3-7,1-9,22-30,7-23,2-6,16-25,1-0,5-10,8-9,4-8,5-8,4-12,2-6,0.354,27,101,104.7,-4.13,,,,,,,,,,,,,,,,,,,,,,,,,,,,,,,,,,,,,
Golden State Warriors,GOL,2014,51-31,27-14,24-17,20-10,31-21,7-3,7-3,6-4,11-7,11-5,9-9,31-22,20-9,11-8,28-9,1-1,8-7,11-5,9-6,7-4,9-5,6-3,0.622,6,104.3,99.5,5.15,,,,,,,,,,,,,,,,,,,,,,,,,,,,,,,,,,,,,
Houston Rockets,HOU,2014,54-28,33-8,21-20,23-7,31-21,7-3,8-2,8-2,11-7,9-9,11-5,36-17,18-11,7-6,30-9,1-0,12-5,8-8,10-4,8-2,10-4,5-5,0.659,8,107.7,103.1,5.06,,,,,,,,,,,,,,,,,,,,,,,,,,,,,,,,,,,,,
Indiana Pacers,IND,2014,56-26,35-6,21-20,38-14,18-12,15-3,12-4,11-7,6-4,7-3,5-5,40-12,16-14,4-3,29-17,2-0,13-1,10-4,10-5,9-3,8-10,4-3,0.683,—,96.7,92.3,3.63,,,,,,,,,,,,,,,,,,,,,,,,,,,,,,,,,,,,,
Los Angeles Clippers,LAC,2014,57-25,34-7,23-18,21-9,36-16,9-1,7-3,5-5,12-6,12-4,12-6,37-18,20-7,4-3,30-9,1-1,11-4,9-7,12-4,7-4,13-2,4-3,0.695,—,107.9,101,7.27,,,,,,,,,,,,,,,,,,,,,,,,,,,,,,,,,,,,,
Los Angeles Lakers,LOS,2014,27-55,14-27,13-28,12-18,15-37,6-4,3-7,3-7,5-13,6-10,4-14,18-35,9-20,5-5,12-33,1-1,8-7,4-11,3-12,4-8,5-9,2-7,0.329,30,103,109.2,-5.33,,,,,,,,,,,,,,,,,,,,,,,,,,,,,,,,,,,,,
Memphis Grizzlies,MEM,2014,50-32,27-14,23-18,21-9,29-23,6-4,7-3,8-2,11-7,14-4,4-12,29-23,21-9,10-4,18-13,0-1,8-7,5-9,12-3,7-5,12-5,6-2,0.61,12,96.1,94.6,2.18,,,,,,,,,,,,,,,,,,,,,,,,,,,,,,,,,,,,,
Miami Heat,MIA,2014,54-28,32-9,22-19,34-18,20-10,9-9,13-5,12-4,6-4,8-2,6-4,37-14,17-14,8-7,29-10,1-1,12-2,11-4,8-6,9-1,10-8,3-6,0.659,—,102.2,97.4,4.15,,,,,,,,,,,,,,,,,,,,,,,,,,,,,,,,,,,,,
Milwaukee Bucks,MIL,2014,15-67,10-31,5-36,12-40,3-27,5-13,4-12,3-15,1-9,2-8,0-10,9-43,6-24,4-5,4-33,0-1,3-12,4-11,1-14,3-8,3-14,1-7,0.183,41,95.5,103.7,-8.41,,,,,,,,,,,,,,,,,,,,,,,,,,,,,,,,,,,,,
Minnesota Timberwolves,MIN,2014,40-42,24-17,16-25,17-13,23-29,5-5,7-3,5-5,7-9,7-11,9-9,25-28,15-14,5-6,26-18,1-0,8-9,6-7,8-7,5-6,8-8,4-5,0.488,19,106.9,104.3,3.1,,,,,,,,,,,,,,,,,,,,,,,,,,,,,,,,,,,,,
New Orleans Pelicans,NOP,2014,34-48,22-19,12-29,19-11,15-37,6-4,8-2,5-5,7-11,4-14,4-12,23-29,11-19,7-8,10-21,0-1,7-7,7-7,5-11,4-9,9-7,2-6,0.415,28,99.7,102.4,-1.98,,,,,,,,,,,,,,,,,,,,,,,,,,,,,,,,,,,,,
New York Knicks,NYK,2014,37-45,19-22,18-23,26-26,11-19,10-6,9-9,7-11,4-6,4-6,3-7,20-32,17-13,3-8,19-22,1-1,2-11,6-9,10-6,2-11,11-5,5-2,0.451,11,98.6,99.4,-1.4,,,,,,,,,,,,,,,,,,,,,,,,,,,,,,,,,,,,,
Oklahoma City Thunder,OKC,2014,59-23,34-7,25-16,23-7,36-16,8-2,8-2,7-3,11-5,12-6,13-5,43-12,16-11,10-4,33-8,1-0,10-3,14-3,13-4,6-5,10-4,5-4,0.72,—,106.2,99.8,6.66,,,,,,,,,,,,,,,,,,,,,,,,,,,,,,,,,,,,,
Orlando Magic,ORL,2014,23-59,19-22,4-37,17-35,6-24,7-11,6-12,4-12,3-7,2-8,1-9,16-38,7-21,5-7,10-30,0-2,6-8,4-11,3-14,5-7,3-11,2-6,0.28,31,96.5,102,-5.88,,,,,,,,,,,,,,,,,,,,,,,,,,,,,,,,,,,,,
Philadelphia 76ers,PHI,2014,19-63,10-31,9-32,14-38,5-25,5-11,4-14,5-13,2-8,2-8,1-9,15-39,4-24,6-3,4-46,1-0,5-11,3-10,6-11,0-11,1-15,3-5,0.232,29,99.5,109.9,-10.66,,,,,,,,,,,,,,,,,,,,,,,,,,,,,,,,,,,,,
Phoenix Suns,PHO,2014,48-34,26-15,22-19,20-10,28-24,7-3,6-4,7-3,13-5,8-8,7-11,30-21,18-13,2-9,19-7,1-0,8-8,10-3,9-7,6-6,10-6,4-4,0.585,9,105.2,102.6,3.02,,,,,,,,,,,,,,,,,,,,,,,,,,,,,,,,,,,,,
Portland Trail Blazers,PLB,2014,54-28,31-10,23-18,23-7,31-21,9-1,9-1,5-5,13-3,10-8,8-10,36-17,18-11,8-9,24-13,0-1,13-2,12-4,8-6,7-5,8-9,6-1,0.659,5,106.7,102.8,4.44,,,,,,,,,,,,,,,,,,,,,,,,,,,,,,,,,,,,,
Sacramento Kings,SAC,2014,28-54,17-24,11-30,13-17,15-37,5-5,4-6,4-6,6-12,3-13,6-12,18-35,10-19,4-9,12-26,1-0,3-10,6-10,5-11,5-7,6-10,2-6,0.341,29,100.5,103.4,-2.08,,,,,,,,,,,,,,,,,,,,,,,,,,,,,,,,,,,,,
San Antonio Spurs,SAN,2014,62-20,32-9,30-11,24-6,38-14,8-2,7-3,9-1,11-7,15-3,12-4,38-15,24-5,7-0,35-12,1-0,13-3,11-4,8-6,9-3,16-0,4-4,0.756,—,105.4,97.6,8,,,,,,,,,,,,,,,,,,,,,,,,,,,,,,,,,,,,,
Toronto Raptors,TOR,2014,48-34,26-15,22-19,32-20,16-14,11-5,13-5,8-10,6-4,3-7,7-3,28-24,20-10,3-8,24-6,1-0,5-9,8-6,11-6,7-5,10-6,6-2,0.585,—,101.3,98,2.55,,,,,,,,,,,,,,,,,,,,,,,,,,,,,,,,,,,,,
Utah Jazz,UTA,2014,25-57,16-25,9-32,12-18,13-39,3-7,3-7,6-4,4-12,6-12,3-15,19-33,6-24,5-4,9-39,0-1,3-14,7-9,6-6,5-7,2-15,2-5,0.305,34,95,102.2,-6.27,,,,,,,,,,,,,,,,,,,,,,,,,,,,,,,,,,,,,
Washington Wizards,WAS,2014,44-38,22-19,22-19,33-19,11-19,13-5,10-8,10-6,4-6,5-5,2-8,25-27,19-11,5-9,19-14,0-1,8-8,6-5,8-9,8-5,8-8,6-2,0.537,10,100.7,99.4,0.48,,,,,,,,,,,,,,,,,,,,,,,,,,,,,,,,,,,,,
Atlanta Hawks,ATL,2013,44-38,25-16,19-22,29-23,15-15,7-11,11-7,11-5,6-4,5-5,4-6,29-22,15-16,5-5,19-20,,9-5,10-5,7-9,7-4,8-10,3-5,0.537,22,98,97.5,-0.08,,,,,,,,,,,,,,,,,,,,,,,,,,,,,,,,,,,,,
Boston Celtics,BOS,2013,41-40,27-13,14-27,27-24,14-16,7-9,8-9,12-6,6-4,6-4,2-8,28-24,13-16,8-7,18-23,0-1,9-6,5-9,8-7,8-4,8-8,3-5,0.506,12.5,96.5,96.7,-0.62,,,,,,,,,,,,,,,,,,,,,,,,,,,,,,,,,,,,,
Brooklyn Nets,BKN,2013,49-33,26-15,23-18,36-16,13-17,11-5,13-5,12-6,5-5,5-5,3-7,31-22,18-11,9-4,23-17,,11-4,5-11,11-4,7-5,8-7,7-2,0.598,5,96.9,95.1,1.25,,,,,,,,,,,,,,,,,,,,,,,,,,,,,,,,,,,,,
Charlotte Hornets,CLH,2013,21-61,15-26,6-35,18-34,3-27,6-12,6-12,6-10,2-8,0-10,1-9,12-40,9-21,6-6,6-37,,7-8,1-15,3-11,2-10,4-12,4-5,0.256,45,93.4,102.7,-9.29,,,,,,,,,,,,,,,,,,,,,,,,,,,,,,,,,,,,,
Chicago Bulls,CHI,2013,45-37,24-17,21-20,34-18,11-19,13-5,9-7,12-6,4-6,5-5,2-8,30-22,15-15,11-7,16-16,1-0,6-7,9-6,12-4,5-8,7-7,5-5,0.549,4.5,93.2,92.9,-0.02,,,,,,,,,,,,,,,,,,,,,,,,,,,,,,,,,,,,,
Cleveland Cavaliers,CLE,2013,24-58,14-27,10-31,18-34,6-24,5-13,3-13,10-8,3-7,2-8,1-9,16-37,8-21,6-11,7-27,1-0,3-12,3-13,6-8,7-5,2-12,2-8,0.293,25.5,96.5,101.2,-4.87,,,,,,,,,,,,,,,,,,,,,,,,,,,,,,,,,,,,,
Dallas Mavericks,DAL,2013,41-41,24-17,17-24,17-13,24-28,5-5,6-4,6-4,7-11,10-8,7-9,23-29,18-12,5-8,17-19,1-1,6-8,5-10,7-8,6-5,11-5,5-4,0.5,17,101.1,101.7,-0.24,,,,,,,,,,,,,,,,,,,,,,,,,,,,,,,,,,,,,
Denver Nuggets,DEN,2013,57-25,38-3,19-22,19-11,38-14,5-5,10-0,4-6,11-5,14-4,13-5,33-21,24-4,11-7,28-8,0-1,8-8,9-6,12-3,8-4,13-2,7-1,0.695,3,106.1,101.1,5.37,,,,,,,,,,,,,,,,,,,,,,,,,,,,,,,,,,,,,
Detroit Pistons,DET,2013,29-53,18-23,11-30,25-27,4-26,6-12,8-8,11-7,1-9,2-8,1-9,21-33,8-20,6-10,15-29,0-1,5-11,6-10,6-7,6-8,1-13,5-3,0.354,20.5,94.9,98.8,-4.33,,,,,,,,,,,,,,,,,,,,,,,,,,,,,,,,,,,,,
Golden State Warriors,GOL,2013,47-35,28-13,19-22,19-11,28-24,7-3,5-5,7-3,10-8,9-7,9-9,30-22,17-13,5-3,20-18,1-0,8-6,12-4,8-7,4-8,9-7,5-3,0.573,9,101.2,100.3,1.32,,,,,,,,,,,,,,,,,,,,,,,,,,,,,,,,,,,,,
Houston Rockets,HOU,2013,45-37,29-12,16-25,21-9,24-28,7-3,7-3,7-3,8-10,10-8,6-10,29-26,16-11,5-5,26-13,1-0,6-8,10-6,8-9,6-5,9-5,5-4,0.549,13,106,102.5,3.69,,,,,,,,,,,,,,,,,,,,,,,,,,,,,,,,,,,,,
Indiana Pacers,IND,2013,49-32,30-11,19-21,31-20,18-12,6-11,13-3,12-6,3-7,7-3,8-2,32-21,17-11,4-9,27-14,1-0,7-8,10-5,9-6,9-3,11-5,2-5,0.605,—,94.7,90.7,3.34,,,,,,,,,,,,,,,,,,,,,,,,,,,,,,,,,,,,,
Los Angeles Clippers,LAC,2013,56-26,32-9,24-17,21-9,35-17,7-3,8-2,6-4,12-6,11-5,12-6,39-17,17-9,3-5,38-12,1-0,8-6,16-0,9-7,8-5,7-7,7-1,0.683,—,101.1,94.6,6.43,,,,,,,,,,,,,,,,,,,,,,,,,,,,,,,,,,,,,
Los Angeles Lakers,LOS,2013,45-37,29-12,16-25,17-13,28-24,6-4,6-4,5-5,9-9,8-8,11-7,25-29,20-8,8-5,18-17,0-2,8-6,7-7,5-11,9-4,9-6,7-1,0.549,11,102.2,101,1.48,,,,,,,,,,,,,,,,,,,,,,,,,,,,,,,,,,,,,
Memphis Grizzlies,MEM,2013,56-26,32-9,24-17,22-8,34-18,8-2,8-2,6-4,12-6,12-6,10-6,33-18,23-8,6-4,28-9,0-1,12-1,7-7,10-7,9-2,11-6,7-2,0.683,2,93.4,89.3,4.32,,,,,,,,,,,,,,,,,,,,,,,,,,,,,,,,,,,,,
Miami Heat,MIA,2013,66-16,37-4,29-12,41-11,25-5,14-4,12-6,15-1,8-2,8-2,9-1,36-14,30-2,9-3,39-8,1-0,10-3,10-5,8-5,12-1,17-1,8-1,0.805,—,102.9,95,7.03,,,,,,,,,,,,,,,,,,,,,,,,,,,,,,,,,,,,,
Milwaukee Bucks,MIL,2013,38-44,21-20,17-24,24-28,14-16,11-7,7-9,6-12,4-6,7-3,3-7,26-25,12-19,7-5,13-25,,7-7,9-6,8-7,4-8,7-9,3-7,0.463,11.5,98.9,100.4,-1.83,,,,,,,,,,,,,,,,,,,,,,,,,,,,,,,,,,,,,
Minnesota Timberwolves,MIN,2013,31-51,20-21,11-30,14-16,17-35,4-6,7-3,3-7,4-12,5-13,8-10,19-31,12-20,3-10,15-26,,7-8,7-5,3-12,3-10,6-11,5-5,0.378,29,95.7,98.1,-1.83,,,,,,,,,,,,,,,,,,,,,,,,,,,,,,,,,,,,,
New Orleans Pelicans,NOP,2013,27-55,16-25,11-30,12-18,15-37,3-7,5-5,4-6,5-13,5-13,5-11,19-34,8-21,7-5,10-27,0-1,4-9,3-13,8-8,5-8,6-9,1-7,0.329,31,94.1,97.9,-3.12,,,,,,,,,,,,,,,,,,,,,,,,,,,,,,,,,,,,,
New York Knicks,NYK,2013,54-28,31-10,23-18,37-15,17-13,10-6,12-6,15-3,6-4,5-5,6-4,32-18,22-10,7-5,31-12,,11-4,10-5,7-6,6-5,12-6,8-2,0.659,—,100,95.7,3.73,,,,,,,,,,,,,,,,,,,,,,,,,,,,,,,,,,,,,
Oklahoma City Thunder,OKC,2013,60-22,34-7,26-15,21-9,39-13,7-3,8-2,6-4,10-6,16-2,13-5,39-14,21-8,3-6,44-6,,13-4,11-2,11-5,7-4,12-5,6-2,0.732,—,105.7,96.5,9.15,,,,,,,,,,,,,,,,,,,,,,,,,,,,,,,,,,,,,
Orlando Magic,ORL,2013,20-62,12-29,8-33,10-42,10-20,2-16,5-13,3-13,3-7,6-4,1-9,15-37,5-25,2-9,8-30,,5-10,7-9,2-12,2-11,3-13,1-7,0.244,46,94.1,101.1,-7.12,,,,,,,,,,,,,,,,,,,,,,,,,,,,,,,,,,,,,
Philadelphia 76ers,PHI,2013,34-48,23-18,11-30,22-30,12-18,7-9,7-11,8-10,3-7,5-5,4-6,22-29,12-19,4-5,13-24,1-0,9-6,4-11,5-9,3-8,8-9,4-5,0.415,20,93.2,96.5,-3.51,,,,,,,,,,,,,,,,,,,,,,,,,,,,,,,,,,,,,
Phoenix Suns,PHO,2013,25-57,17-24,8-33,8-22,17-35,1-9,4-6,3-7,5-13,5-11,7-11,17-36,8-21,6-8,10-31,0-1,7-9,4-11,5-9,4-9,3-12,2-6,0.305,31,95.2,101.6,-5.75,,,,,,,,,,,,,,,,,,,,,,,,,,,,,,,,,,,,,
Portland Trail Blazers,PLB,2013,33-49,22-19,11-30,15-15,18-34,5-5,5-5,5-5,6-10,5-13,7-11,25-28,8-21,9-6,13-24,1-0,5-10,9-4,8-8,3-9,7-9,0-9,0.402,27,97.5,100.7,-2.53,,,,,,,,,,,,,,,,,,,,,,,,,,,,,,,,,,,,,
Sacramento Kings,SAC,2013,28-54,20-21,8-33,14-16,14-38,4-6,4-6,6-4,5-13,7-9,2-16,19-35,9-19,7-3,12-31,0-1,4-10,7-8,6-11,3-9,7-8,1-7,0.341,28,100.2,105.1,-4.26,,,,,,,,,,,,,,,,,,,,,,,,,,,,,,,,,,,,,
San Antonio Spurs,SAN,2013,58-24,35-6,23-18,25-5,33-19,8-2,9-1,8-2,9-9,12-6,12-4,42-12,16-12,9-5,31-10,1-0,12-4,12-4,12-3,8-3,10-4,3-6,0.707,—,103,96.6,6.67,,,,,,,,,,,,,,,,,,,,,,,,,,,,,,,,,,,,,
Toronto Raptors,TOR,2013,34-48,21-20,13-28,22-30,12-18,5-11,8-10,9-9,4-6,4-6,4-6,21-32,13-16,8-8,16-22,0-1,4-12,7-7,5-10,7-5,4-11,7-2,0.415,20,97.2,98.7,-1.96,,,,,,,,,,,,,,,,,,,,,,,,,,,,,,,,,,,,,
Utah Jazz,UTA,2013,43-39,30-11,13-28,17-13,26-26,5-5,5-5,7-3,9-7,9-9,8-10,30-24,13-15,5-7,19-21,1-0,8-8,6-9,10-4,6-6,7-9,5-3,0.524,17,98,98.1,0.3,,,,,,,,,,,,,,,,,,,,,,,,,,,,,,,,,,,,,
Washington Wizards,WAS,2013,29-53,22-19,7-34,15-37,14-16,5-13,5-13,5-11,6-4,4-6,4-6,15-36,14-17,6-9,13-17,0-1,1-12,3-11,7-9,7-5,9-8,2-7,0.354,37,93.2,95.8,-2.78,,,,,,,,,,,,,,,,,,,,,,,,,,,,,,,,,,,,,
Atlanta Hawks,ATL,2012,40-26,23-10,17-16,31-17,9-9,9-8,11-6,11-3,4-2,3-4,2-3,20-14,20-12,6-8,17-13,,,3-1,13-5,4-9,11-8,9-3,0.606,6,96.6,93.2,2.67,,,,,,,,,,,,,,,,,,,,,,,,,,,,,,,,,,,,,
Boston Celtics,BOS,2012,39-27,24-9,15-18,32-16,7-11,8-6,9-8,15-2,3-3,2-4,2-4,15-17,24-10,6-5,19-11,,,1-3,9-7,7-7,12-5,10-5,0.591,—,91.8,89.3,2.26,,,,,,,,,,,,,,,,,,,,,,,,,,,,,,,,,,,,,
Brooklyn Nets,BKN,2012,7-59,4-29,3-30,5-43,2-16,3-14,1-15,1-14,0-6,1-4,1-6,4-28,3-31,2-4,2-38,,,1-2,2-17,1-10,3-14,0-16,,,,,,,,,,,,,,,,,,,,,,,,,,,,,,,,,,,,,,,,,,
Charlotte Hornets,CLH,2012,50-16,26-7,24-9,38-10,12-6,13-4,13-1,12-5,2-3,5-1,5-2,27-8,23-8,5-2,31-8,,,3-1,15-4,11-3,13-3,8-5,0.106,39,87,100.9,-13.96,,,,,,,,,,,,,,,,,,,,,,,,,,,,,,,,,,,,,
Chicago Bulls,CHI,2012,21-45,11-22,10-23,13-35,8-10,6-12,3-12,4-11,3-3,3-3,2-4,13-18,8-27,5-6,9-26,,,1-2,7-10,5-8,4-13,4-12,0.758,—,96.3,88.2,7.43,,,,,,,,,,,,,,,,,,,,,,,,,,,,,,,,,,,,,
Cleveland Cavaliers,CLE,2012,36-30,23-10,13-20,10-8,26-22,5-2,2-3,3-3,10-8,8-9,8-5,21-13,15-17,7-8,16-15,,,1-3,13-5,7-7,9-8,6-7,0.318,29,93,100.2,-7.34,,,,,,,,,,,,,,,,,,,,,,,,,,,,,,,,,,,,,
Dallas Mavericks,DAL,2012,38-28,20-13,18-15,16-2,22-26,5-1,5-1,6-0,6-7,9-8,7-11,18-17,20-11,6-6,18-11,,,2-2,12-5,5-10,9-7,10-4,0.545,14,95.8,94.8,1.78,,,,,,,,,,,,,,,,,,,,,,,,,,,,,,,,,,,,,
Denver Nuggets,DEN,2012,25-41,18-15,7-26,20-28,5-13,7-9,4-11,9-8,1-5,3-3,1-5,11-24,14-17,7-4,12-27,,,1-3,3-16,8-6,7-8,6-8,0.576,9,104.1,101.2,3.16,,,,,,,,,,,,,,,,,,,,,,,,,,,,,,,,,,,,,
Detroit Pistons,DET,2012,23-43,12-21,11-22,7-11,16-32,1-6,3-3,3-2,6-11,7-8,3-13,13-17,10-26,5-12,7-16,,,2-2,5-10,7-6,6-12,3-13,0.379,25,90.9,95.7,-5.19,,,,,,,,,,,,,,,,,,,,,,,,,,,,,,,,,,,,,
Golden State Warriors,GOL,2012,34-32,22-11,12-21,11-7,23-25,4-2,2-3,5-2,8-10,9-7,6-8,20-14,14-18,8-5,13-13,,,2-2,10-7,9-6,7-9,6-8,0.348,18,97.8,101.2,-2.79,,,,,,,,,,,,,,,,,,,,,,,,,,,,,,,,,,,,,
Houston Rockets,HOU,2012,42-24,23-10,19-14,29-19,13-5,11-7,9-4,9-8,5-1,4-2,4-2,21-12,21-12,4-3,21-12,,,3-1,11-5,8-6,8-9,12-3,0.515,16,98.1,97.9,0.57,,,,,,,,,,,,,,,,,,,,,,,,,,,,,,,,,,,,,
Indiana Pacers,IND,2012,40-26,24-9,16-17,11-7,29-19,3-3,2-3,6-1,12-7,7-7,10-5,20-11,20-15,7-6,17-7,,,1-2,11-4,8-6,11-9,9-5,0.636,8,97.7,94.4,2.6,,,,,,,,,,,,,,,,,,,,,,,,,,,,,,,,,,,,,
Los Angeles Clippers,LAC,2012,41-25,26-7,15-18,9-9,32-16,5-2,1-4,3-3,12-6,9-5,11-5,20-14,21-11,10-4,11-10,,,3-2,10-7,8-5,11-6,9-5,0.606,1,97.50,95.00,2.82,,,,,,,,,,,,,,,,,,,,,,,,,,,,,,,,,,,,,
Los Angeles Lakers,LOS,2012,41-25,26-7,15-18,15-3,26-22,4-2,6-1,5-0,10-7,9-7,7-8,19-15,22-10,6-2,16-10,,,1-2,10-8,9-5,8-7,13-3,0.621,—,97.30,95.90,1.96,,,,,,,,,,,,,,,,,,,,,,,,,,,,,,,,,,,,,
Memphis Grizzlies,MEM,2012,46-20,28-5,18-15,35-13,11-7,14-3,12-5,9-5,3-3,3-3,5-1,27-7,19-13,6-2,29-10,,,4-0,12-5,11-2,10-6,9-7,0.621,9,95,93,2.43,,,,,,,,,,,,,,,,,,,,,,,,,,,,,,,,,,,,,
Miami Heat,MIA,2012,31-35,17-16,14-19,24-24,7-11,9-7,7-8,8-9,3-4,2-4,2-3,13-20,18-15,4-6,13-12,,,2-1,7-10,5-10,10-7,7-7,0.697,—,98.50,92.50,5.72,,,,,,,,,,,,,,,,,,,,,,,,,,,,,,,,,,,,,
Milwaukee Bucks,MIL,2012,26-40,13-20,13-20,7-11,19-29,2-3,2-5,3-3,4-9,7-11,8-9,17-17,9-23,7-7,13-16,,,0-3,10-8,8-7,7-10,1-12,0.47,19,99.00,98.70,-0.23,,,,,,,,,,,,,,,,,,,,,,,,,,,,,,,,,,,,,
Minnesota Timberwolves,MIN,2012,22-44,9-24,13-20,16-32,6-12,5-9,5-12,6-11,0-6,5-2,1-4,10-25,12-19,6-2,8-26,,,1-3,6-12,4-10,8-10,3-9,0.394,21,97.90,100.10,-1.83,,,,,,,,,,,,,,,,,,,,,,,,,,,,,,,,,,,,,
New Orleans Pelicans,NOP,2012,21-45,11-22,10-23,7-11,14-34,3-2,2-5,2-4,6-11,5-12,3-11,8-25,13-20,4-9,6-19,,,2-1,2-16,4-10,5-12,8-6,0.318,29,89.60,93.40,-3.11,,,,,,,,,,,,,,,,,,,,,,,,,,,,,,,,,,,,,
New York Knicks,NYK,2012,36-30,22-11,14-19,28-20,8-10,8-6,10-8,10-6,3-2,4-3,1-5,17-18,19-12,7-3,19-15,,,2-2,6-11,10-5,9-8,9-4,0.545,3,97.8,94.7,2.39,,,,,,,,,,,,,,,,,,,,,,,,,,,,,,,,,,,,,
Oklahoma City Thunder,OKC,2012,47-19,26-7,21-12,13-5,34-14,6-0,3-2,4-3,10-3,12-5,12-6,27-7,20-12,5-4,27-5,,,5-0,11-4,12-3,11-5,8-7,0.712,—,103.1,96.9,6.44,,,,,,,,,,,,,,,,,,,,,,,,,,,,,,,,,,,,,
Orlando Magic,ORL,2012,37-29,21-12,16-17,30-18,7-11,10-6,12-5,8-7,2-5,4-1,1-5,22-13,15-16,2-5,18-16,,,3-1,9-8,11-4,9-7,5-9,0.561,9,94.2,93.4,0.46,,,,,,,,,,,,,,,,,,,,,,,,,,,,,,,,,,,,,
Philadelphia 76ers,PHI,2012,35-31,19-14,16-17,28-20,7-11,7-6,11-6,10-8,1-5,5-1,1-5,20-14,15-17,1-4,28-12,,,2-2,13-4,6-9,8-8,6-8,0.53,4,93.6,89.4,3.59,,,,,,,,,,,,,,,,,,,,,,,,,,,,,,,,,,,,,
Phoenix Suns,PHO,2012,33-33,19-14,14-19,10-8,23-25,2-3,5-2,3-3,6-9,9-5,8-11,14-20,19-13,8-5,14-19,,,1-3,6-10,7-7,11-6,8-7,0.5,8,98.40,98.60,0.29,,,,,,,,,,,,,,,,,,,,,,,,,,,,,,,,,,,,,
Portland Trail Blazers,PLB,2012,28-38,20-13,8-25,8-10,20-28,3-2,2-4,3-4,4-10,8-10,8-8,18-16,10-22,3-11,17-17,,,3-0,9-9,6-8,6-11,4-10,0.424,19,97.20,97.80,-0.22,,,,,,,,,,,,,,,,,,,,,,,,,,,,,,,,,,,,,
Sacramento Kings,SAC,2012,22-44,16-17,6-27,6-12,16-32,2-4,2-5,2-3,7-12,3-10,6-10,11-22,11-22,6-7,6-24,,,1-3,5-12,6-7,6-12,4-10,0.333,19,98.80,104.40,-4.95,,,,,,,,,,,,,,,,,,,,,,,,,,,,,,,,,,,,,
San Antonio Spurs,SAN,2012,50-16,28-5,22-11,15-3,35-13,6-0,4-2,5-1,10-6,13-3,12-4,24-10,26-6,5-4,31-7,,,3-1,10-8,11-2,12-3,14-2,0.758,—,103.70,96.50,7.28,,,,,,,,,,,,,,,,,,,,,,,,,,,,,,,,,,,,,
Toronto Raptors,TOR,2012,23-43,13-20,10-23,15-33,8-10,7-8,4-12,4-13,3-3,2-3,3-4,10-23,13-20,1-7,12-21,,,1-2,6-13,4-9,6-11,6-8,0.348,16,90.7,94,-3.67,,,,,,,,,,,,,,,,,,,,,,,,,,,,,,,,,,,,,
Utah Jazz,UTA,2012,36-30,25-8,11-22,11-7,25-23,3-4,4-2,4-1,9-4,9-9,7-10,15-17,21-13,7-6,15-14,,,1-3,11-4,4-11,11-8,9-4,0.545,11,99.7,99,0.92,,,,,,,,,,,,,,,,,,,,,,,,,,,,,,,,,,,,,
Washington Wizards,WAS,2012,20-46,11-22,9-24,16-32,4-14,4-14,5-11,7-7,2-4,1-5,1-5,7-26,13-20,6-5,11-26,,,0-3,4-14,3-11,5-11,8-7,0.303,26,93.6,98.4,-5.14,,,,,,,,,,,,,,,,,,,,,,,,,,,,,,,,,,,,,
Atlanta Hawks,ATL,2011,44-38,24-17,20-21,31-21,13-17,10-8,12-6,9-7,5-5,6-4,2-8,34-21,10-17,7-1,21-21,3-0,8-7,10-7,9-4,6-6,7-8,1-6,0.537,14,95.00,95.80,-1.10,,,,,,,,,,,,,,,,,,,,,,,,,,,,,,,,,,,,,
Boston Celtics,BOS,2011,56-26,33-8,23-18,37-15,19-11,13-3,13-5,11-7,8-2,7-3,4-6,40-14,16-12,8-8,30-7,2-1,11-3,11-3,12-4,7-4,9-7,4-4,0.683,—,96.50,91.10,4.83,,,,,,,,,,,,,,,,,,,,,,,,,,,,,,,,,,,,,
Brooklyn Nets,BKN,2011,34-48,21-20,13-28,22-30,12-18,11-7,7-11,4-12,4-6,6-4,2-8,24-32,10-16,11-7,9-24,0-3,6-8,5-9,9-7,6-6,6-9,2-6,,,,,,,,,,,,,,,,,,,,,,,,,,,,,,,,,,,,,,,,,,
Charlotte Hornets,CLH,2011,62-20,36-5,26-15,39-13,23-7,10-8,15-1,14-4,7-3,7-3,9-1,38-16,24-4,9-5,31-5,1-1,8-5,12-4,12-4,8-3,13-3,8-0,0.415,24,93.30,97.30,-4.08,,,,,,,,,,,,,,,,,,,,,,,,,,,,,,,,,,,,,
Chicago Bulls,CHI,2011,19-63,12-29,7-34,15-37,4-26,8-10,3-13,4-14,0-10,3-7,1-9,10-46,9-17,2-5,2-38,1-2,6-8,1-14,0-16,3-8,4-11,4-4,0.756,—,98.60,91.30,6.53,,,,,,,,,,,,,,,,,,,,,,,,,,,,,,,,,,,,,
Cleveland Cavaliers,CLE,2011,57-25,29-12,28-13,22-8,35-17,9-1,4-6,9-1,12-6,15-3,8-8,40-16,17-9,10-6,22-8,2-1,11-3,11-3,8-8,11-1,10-6,4-3,0.232,43,95.50,104.50,-8.88,,,,,,,,,,,,,,,,,,,,,,,,,,,,,,,,,,,,,
Dallas Mavericks,DAL,2011,50-32,33-8,17-24,20-10,30-22,5-5,8-2,7-3,9-7,12-6,9-9,32-25,18-7,7-8,29-10,2-1,8-5,8-7,10-7,7-6,10-3,5-3,0.695,4,100.20,96.00,4.41,,,,,,,,,,,,,,,,,,,,,,,,,,,,,,,,,,,,,
Denver Nuggets,DEN,2011,30-52,21-20,9-32,22-30,8-22,9-9,7-9,6-12,1-9,5-5,2-8,21-36,9-16,3-7,13-27,0-3,6-9,5-10,6-9,5-8,4-9,4-4,0.61,5,107.50,102.70,4.81,,,,,,,,,,,,,,,,,,,,,,,,,,,,,,,,,,,,,
Detroit Pistons,DET,2011,36-46,26-15,10-31,15-15,21-31,5-5,6-4,4-6,11-7,5-11,5-13,26-29,10-17,4-4,14-24,2-1,6-9,5-9,7-8,6-5,6-12,4-2,0.366,32,97,100.6,-3.78,,,,,,,,,,,,,,,,,,,,,,,,,,,,,,,,,,,,,
Golden State Warriors,GOL,2011,43-39,25-16,18-23,18-12,25-27,7-3,7-3,4-6,9-9,11-7,5-11,26-31,17-8,7-8,21-11,0-3,5-9,11-4,6-11,8-4,9-5,4-3,0.439,21,103.40,105.70,-2.00,,,,,,,,,,,,,,,,,,,,,,,,,,,,,,,,,,,,,
Houston Rockets,HOU,2011,37-45,24-17,13-28,28-24,9-21,10-8,9-7,9-9,3-7,4-6,2-8,24-30,13-15,7-6,19-28,2-1,7-6,5-10,4-10,8-5,8-10,3-3,0.524,18,105.90,103.70,2.37,,,,,,,,,,,,,,,,,,,,,,,,,,,,,,,,,,,,,
Indiana Pacers,IND,2011,32-50,23-18,9-32,13-17,19-33,3-7,5-5,5-5,7-11,7-9,5-13,21-35,11-15,4-5,9-24,0-3,3-12,7-8,9-5,2-12,8-6,3-4,0.451,25,99.8,100.9,-1.38,,,,,,,,,,,,,,,,,,,,,,,,,,,,,,,,,,,,,
Los Angeles Clippers,LAC,2011,57-25,30-11,27-14,21-9,36-16,9-1,6-4,6-4,12-6,12-4,12-6,38-19,19-6,4-4,30-9,3-0,10-5,10-5,10-5,9-4,12-1,3-5,0.39,25,98.60,101.80,-2.71,,,,,,,,,,,,,,,,,,,,,,,,,,,,,,,,,,,,,
Los Angeles Lakers,LOS,2011,46-36,30-11,16-25,16-14,30-22,5-5,7-3,4-6,11-7,11-7,8-8,31-26,15-10,9-10,23-12,2-1,6-9,6-8,11-6,8-4,9-5,4-3,0.695,—,101.50,95.40,6.01,,,,,,,,,,,,,,,,,,,,,,,,,,,,,,,,,,,,,
Memphis Grizzlies,MEM,2011,58-24,30-11,28-13,38-14,20-10,13-5,12-6,13-3,6-4,9-1,5-5,41-15,17-9,2-8,35-6,3-1,7-7,15-1,9-5,9-3,9-6,6-1,0.561,15,99.9,97.6,2.55,,,,,,,,,,,,,,,,,,,,,,,,,,,,,,,,,,,,,
Miami Heat,MIA,2011,35-47,22-19,13-28,26-26,9-21,12-6,6-10,8-10,2-8,4-6,3-7,21-34,14-13,3-8,16-21,1-2,5-9,6-7,7-9,3-9,8-8,5-3,0.707,—,102.10,94.60,6.76,,,,,,,,,,,,,,,,,,,,,,,,,,,,,,,,,,,,,
Milwaukee Bucks,MIL,2011,17-65,12-29,5-36,10-20,7-45,3-7,6-4,1-9,1-15,3-15,3-15,13-43,4-22,3-10,11-33,1-2,3-11,4-12,3-11,3-10,3-12,0-7,0.427,27,91.90,92.70,-1.02,,,,,,,,,,,,,,,,,,,,,,,,,,,,,,,,,,,,,
Minnesota Timberwolves,MIN,2011,24-58,19-22,5-36,13-39,11-19,3-13,6-12,4-14,4-6,4-6,3-7,17-40,7-18,7-7,4-34,2-1,4-11,3-12,6-10,2-9,6-8,1-7,0.207,38,101.10,107.70,-5.97,,,,,,,,,,,,,,,,,,,,,,,,,,,,,,,,,,,,,
New Orleans Pelicans,NOP,2011,46-36,28-13,18-23,19-11,27-25,4-6,6-4,9-1,9-9,9-9,9-7,33-25,13-11,8-6,16-17,3-0,9-5,7-9,12-4,4-8,8-6,3-4,0.561,15,94.90,94.00,1.28,,,,,,,,,,,,,,,,,,,,,,,,,,,,,,,,,,,,,
New York Knicks,NYK,2011,42-40,23-18,19-22,28-24,14-16,10-6,8-10,10-8,5-5,4-6,5-5,28-26,14-14,4-5,18-14,1-2,9-7,8-5,7-8,5-5,7-11,5-2,0.512,14,106.5,105.7,0.48,,,,,,,,,,,,,,,,,,,,,,,,,,,,,,,,,,,,,
Oklahoma City Thunder,OKC,2011,55-27,30-11,25-16,22-8,33-19,6-4,8-2,8-2,13-3,12-6,8-10,35-19,20-8,10-5,22-8,2-1,10-5,11-5,7-6,6-5,14-2,5-3,0.671,—,104.8,101,3.81,,,,,,,,,,,,,,,,,,,,,,,,,,,,,,,,,,,,,
Orlando Magic,ORL,2011,52-30,29-12,23-18,36-16,16-14,12-6,13-5,11-5,4-6,7-3,5-5,36-21,16-9,6-7,33-9,1-1,12-3,8-8,10-6,7-4,9-6,5-2,0.634,6,99.2,93.7,4.92,,,,,,,,,,,,,,,,,,,,,,,,,,,,,,,,,,,,,
Philadelphia 76ers,PHI,2011,41-41,26-15,15-26,25-27,16-14,9-7,9-9,7-11,6-4,6-4,4-6,27-29,14-12,3-8,26-13,0-3,5-10,8-7,8-6,9-3,9-7,2-5,0.5,15,99,97.5,1.01,,,,,,,,,,,,,,,,,,,,,,,,,,,,,,,,,,,,,
Phoenix Suns,PHO,2011,40-42,23-18,17-24,17-13,23-29,6-4,7-3,4-6,9-9,9-7,5-13,27-27,13-15,7-6,15-18,1-2,7-7,6-8,8-7,9-3,5-11,4-4,0.488,17,105.00,105.90,-0.46,,,,,,,,,,,,,,,,,,,,,,,,,,,,,,,,,,,,,
Portland Trail Blazers,PLB,2011,48-34,30-11,18-23,18-12,30-22,5-5,8-2,5-5,10-6,10-8,10-8,32-24,16-10,7-4,19-15,3-0,5-9,9-7,8-6,8-4,10-6,5-2,0.585,7,96.30,94.80,1.85,,,,,,,,,,,,,,,,,,,,,,,,,,,,,,,,,,,,,
Sacramento Kings,SAC,2011,24-58,11-30,13-28,9-21,15-37,4-6,3-7,2-8,5-13,7-9,3-15,13-40,11-18,8-8,7-23,2-1,2-11,2-11,6-10,3-10,6-10,3-5,0.293,33,99.40,104.70,-4.80,,,,,,,,,,,,,,,,,,,,,,,,,,,,,,,,,,,,,
San Antonio Spurs,SAN,2011,61-21,36-5,25-16,23-7,38-14,6-4,9-1,8-2,14-4,14-4,10-6,46-10,15-11,7-4,32-9,1-1,14-1,13-2,12-3,9-3,8-8,4-3,0.744,—,103.70,98.00,5.86,,,,,,,,,,,,,,,,,,,,,,,,,,,,,,,,,,,,,
Toronto Raptors,TOR,2011,22-60,16-25,6-35,14-38,8-22,5-11,5-13,4-14,3-7,2-8,3-7,15-41,7-19,2-7,8-30,1-1,5-10,5-10,2-15,3-8,4-10,2-6,0.268,34,99.1,105.4,-6.28,,,,,,,,,,,,,,,,,,,,,,,,,,,,,,,,,,,,,
Utah Jazz,UTA,2011,39-43,21-20,18-23,18-12,21-31,5-5,7-3,6-4,7-9,9-9,5-13,31-26,8-17,6-4,16-24,1-2,13-3,8-6,7-9,3-9,4-10,3-4,0.476,16,99.4,101.3,-1.44,,,,,,,,,,,,,,,,,,,,,,,,,,,,,,,,,,,,,
Washington Wizards,WAS,2011,23-59,20-21,3-38,16-36,7-23,8-10,5-13,3-13,4-6,1-9,2-8,15-39,8-20,8-2,7-36,0-2,5-9,3-12,5-11,2-10,3-12,5-3,0.28,35,97.3,104.7,-7.3,,,,,,,,,,,,,,,,,,,,,,,,,,,,,,,,,,,,,
Atlanta Hawks,ATL,2010,53-29,34-7,19-22,32-20,21-9,13-5,11-7,8-8,7-3,7-3,7-3,33-18,20-11,4-6,31-9,2-0,10-5,9-5,9-6,7-5,11-5,5-3,0.646,6,101.70,97.00,4.44,,,,,,,,,,,,,,,,,,,,,,,,,,,,,,,,,,,,,
Boston Celtics,BOS,2010,50-32,24-17,26-15,33-19,17-13,13-3,10-8,10-8,7-3,5-5,5-5,32-18,18-14,8-6,23-10,3-0,10-4,10-4,6-8,7-5,11-6,3-5,0.61,—,99.20,95.60,3.37,,,,,,,,,,,,,,,,,,,,,,,,,,,,,,,,,,,,,
Brooklyn Nets,BKN,2010,44-38,31-10,13-28,27-25,17-13,8-10,9-9,10-6,4-6,8-2,5-5,26-25,18-13,9-7,21-11,1-2,6-7,5-9,12-4,4-7,11-6,5-3,,,,,,,,,,,,,,,,,,,,,,,,,,,,,,,,,,,,,,,,,,
Charlotte Hornets,CLH,2010,41-41,24-17,17-24,28-24,13-17,10-8,10-6,8-10,4-6,3-7,6-4,25-26,16-15,7-5,15-21,1-1,5-8,7-8,10-5,8-6,4-11,6-2,0.537,15,95.30,93.80,1.30,,,,,,,,,,,,,,,,,,,,,,,,,,,,,,,,,,,,,
Chicago Bulls,CHI,2010,61-21,35-6,26-15,38-14,23-7,15-3,12-4,11-7,7-3,10-0,6-4,43-11,18-10,7-8,32-5,2-2,10-3,14-3,12-3,8-3,13-2,2-5,0.5,20,97.50,99.10,-1.64,,,,,,,,,,,,,,,,,,,,,,,,,,,,,,,,,,,,,
Cleveland Cavaliers,CLE,2010,55-27,28-13,27-14,22-8,33-19,6-4,9-1,7-3,9-9,14-4,10-6,32-20,23-7,9-2,21-14,2-1,11-4,9-5,8-7,9-4,11-4,5-2,0.744,—,102.10,95.60,6.17,,,,,,,,,,,,,,,,,,,,,,,,,,,,,,,,,,,,,
Dallas Mavericks,DAL,2010,53-29,34-7,19-22,19-11,34-18,7-3,7-3,5-5,12-4,11-7,11-7,35-18,18-11,9-4,29-13,2-0,10-5,8-7,12-3,7-5,9-7,5-2,0.671,—,102.00,99.30,2.66,,,,,,,,,,,,,,,,,,,,,,,,,,,,,,,,,,,,,
Denver Nuggets,DEN,2010,27-55,17-24,10-31,18-34,9-21,7-11,2-14,9-9,3-7,2-8,4-6,18-33,9-22,4-1,7-29,1-2,5-9,5-10,4-10,6-7,2-13,4-4,0.646,—,106.50,102.40,4.15,,,,,,,,,,,,,,,,,,,,,,,,,,,,,,,,,,,,,
Detroit Pistons,DET,2010,26-56,18-23,8-33,11-19,15-37,7-3,3-7,1-9,6-12,5-11,4-14,14-37,12-19,2-8,14-28,0-2,6-8,3-12,4-11,4-8,4-12,5-3,0.329,34,94,99.1,-5.02,,,,,,,,,,,,,,,,,,,,,,,,,,,,,,,,,,,,,
Golden State Warriors,GOL,2010,42-40,23-18,19-22,14-16,28-24,7-3,4-6,3-7,11-7,8-10,9-7,27-24,15-16,5-5,17-15,2-1,7-7,11-5,5-9,4-7,8-8,5-3,0.317,31,108.80,112.40,-3.28,,,,,,,,,,,,,,,,,,,,,,,,,,,,,,,,,,,,,
Houston Rockets,HOU,2010,32-50,23-18,9-32,23-29,9-21,11-7,6-10,6-12,3-7,4-6,2-8,18-34,14-16,3-5,20-28,0-2,6-7,3-13,7-10,4-7,8-8,4-3,0.512,13,102.40,102.70,-0.02,,,,,,,,,,,,,,,,,,,,,,,,,,,,,,,,,,,,,
Indiana Pacers,IND,2010,29-53,21-20,8-33,14-16,15-37,4-6,6-4,4-6,7-11,5-11,3-15,21-31,8-22,5-3,12-35,0-4,8-6,6-8,6-9,4-8,3-13,2-5,0.39,29,100.8,103.8,-3.11,,,,,,,,,,,,,,,,,,,,,,,,,,,,,,,,,,,,,
Los Angeles Clippers,LAC,2010,57-25,34-7,23-18,22-8,35-17,8-2,8-2,6-4,11-7,13-3,11-7,41-13,16-12,11-7,27-13,1-1,12-2,12-3,12-5,8-4,9-6,3-4,0.354,28,95.70,102.10,-6.01,,,,,,,,,,,,,,,,,,,,,,,,,,,,,,,,,,,,,
Los Angeles Lakers,LOS,2010,40-42,23-18,17-24,18-12,22-30,8-2,6-4,4-6,8-10,9-9,5-11,26-25,14-17,6-4,17-26,1-1,5-11,9-4,10-5,5-8,8-7,2-6,0.695,—,101.70,97.00,4.78,,,,,,,,,,,,,,,,,,,,,,,,,,,,,,,,,,,,,
Memphis Grizzlies,MEM,2010,47-35,24-17,23-18,32-20,15-15,13-5,10-8,9-7,4-6,7-3,4-6,26-27,21-8,7-3,27-18,2-0,7-7,7-7,8-9,5-8,12-3,6-1,0.488,15,102.5,104,-1.39,,,,,,,,,,,,,,,,,,,,,,,,,,,,,,,,,,,,,
Miami Heat,MIA,2010,46-36,28-13,18-23,31-21,15-15,13-5,10-6,8-10,7-3,5-5,3-7,24-27,22-9,7-12,19-17,1-1,8-6,3-11,8-7,10-4,11-4,5-3,0.573,12,96.50,94.20,1.99,,,,,,,,,,,,,,,,,,,,,,,,,,,,,,,,,,,,,
Milwaukee Bucks,MIL,2010,15-67,10-31,5-36,7-23,8-44,4-6,1-9,2-8,3-13,3-15,2-16,13-40,2-27,3-9,4-39,1-1,1-14,5-11,4-12,3-9,1-13,0-7,0.561,15,97.70,96.00,1.37,,,,,,,,,,,,,,,,,,,,,,,,,,,,,,,,,,,,,
Minnesota Timberwolves,MIN,2010,12-70,8-33,4-37,8-44,4-26,3-13,3-15,2-16,0-10,2-8,2-8,4-48,8-22,1-7,5-44,0-3,0-14,3-12,1-13,2-11,4-12,2-5,0.183,38,98.2,107.8,-9.06,,,,,,,,,,,,,,,,,,,,,,,,,,,,,,,,,,,,,
New Orleans Pelicans,NOP,2010,37-45,24-17,13-28,11-19,26-26,2-8,4-6,5-5,8-10,11-7,7-9,28-25,9-20,6-3,5-24,1-1,6-9,7-6,12-5,5-8,4-12,2-4,0.451,18,100.2,102.7,-2.27,,,,,,,,,,,,,,,,,,,,,,,,,,,,,,,,,,,,,
New York Knicks,NYK,2010,29-53,18-23,11-30,20-32,9-21,6-10,6-12,8-10,3-7,3-7,3-7,19-32,10-21,4-6,10-28,0-3,3-11,9-6,6-9,2-9,6-10,3-5,0.354,21,102.1,105.9,-4.01,,,,,,,,,,,,,,,,,,,,,,,,,,,,,,,,,,,,,
Oklahoma City Thunder,OKC,2010,50-32,27-14,23-18,22-8,28-24,9-1,5-5,8-2,9-7,11-7,8-10,30-21,20-11,7-11,25-9,2-0,7-8,9-6,8-7,9-2,11-5,4-4,0.61,3,101.5,98,3.55,,,,,,,,,,,,,,,,,,,,,,,,,,,,,,,,,,,,,
Orlando Magic,ORL,2010,59-23,34-7,25-16,39-13,20-10,16-2,13-5,10-6,6-4,8-2,6-4,36-18,23-5,3-4,39-6,2-0,12-4,9-4,9-8,8-4,12-2,7-1,0.72,—,102.8,95.3,7.12,,,,,,,,,,,,,,,,,,,,,,,,,,,,,,,,,,,,,
Philadelphia 76ers,PHI,2010,27-55,12-29,15-26,14-38,13-17,7-9,5-13,2-16,3-7,4-6,6-4,20-32,7-23,6-8,15-26,2-1,3-12,4-10,7-8,6-5,4-13,1-6,0.329,23,97.7,101.6,-3.93,,,,,,,,,,,,,,,,,,,,,,,,,,,,,,,,,,,,,
Phoenix Suns,PHO,2010,54-28,32-9,22-19,19-11,35-17,9-1,5-5,5-5,11-7,12-4,12-6,31-22,23-6,5-4,31-10,2-0,12-3,7-9,7-9,9-3,12-2,5-2,0.659,3,110.20,105.30,4.67,,,,,,,,,,,,,,,,,,,,,,,,,,,,,,,,,,,,,
Portland Trail Blazers,PLB,2010,50-32,26-15,24-17,17-13,33-19,6-4,6-4,5-5,8-8,13-5,12-6,31-24,19-8,6-3,24-13,1-2,11-5,9-6,7-8,7-6,11-2,4-3,0.61,3,98.10,94.80,3.18,,,,,,,,,,,,,,,,,,,,,,,,,,,,,,,,,,,,,
Sacramento Kings,SAC,2010,25-57,18-23,7-34,9-21,16-36,4-6,4-6,1-9,7-11,5-11,4-14,18-34,7-23,6-7,10-27,0-3,8-5,6-9,2-13,4-9,4-13,1-5,0.305,32,100.00,104.40,-4.06,,,,,,,,,,,,,,,,,,,,,,,,,,,,,,,,,,,,,
San Antonio Spurs,SAN,2010,50-32,29-12,21-20,19-11,31-21,6-4,6-4,7-3,8-10,14-4,9-7,30-21,20-11,6-4,34-9,2-1,7-5,10-5,8-8,6-5,12-5,5-3,0.61,5,101.40,96.30,5.07,,,,,,,,,,,,,,,,,,,,,,,,,,,,,,,,,,,,,
Toronto Raptors,TOR,2010,40-42,25-16,15-26,29-23,11-19,11-5,10-8,8-10,2-8,4-6,5-5,29-23,11-19,6-5,19-24,1-1,6-10,9-6,10-5,5-5,6-10,3-5,0.488,10,104.1,105.9,-1.83,,,,,,,,,,,,,,,,,,,,,,,,,,,,,,,,,,,,,
Utah Jazz,UTA,2010,53-29,32-9,21-20,22-8,31-21,9-1,7-3,6-4,8-8,10-8,13-5,32-19,21-10,5-3,32-14,1-1,9-6,8-7,10-4,10-3,12-5,3-3,0.646,—,104.2,98.9,5.33,,,,,,,,,,,,,,,,,,,,,,,,,,,,,,,,,,,,,
Washington Wizards,WAS,2010,26-56,15-26,11-30,18-34,8-22,10-8,5-13,3-13,3-7,3-7,2-8,17-33,9-23,5-12,11-31,2-1,3-9,5-10,6-10,5-6,1-16,4-4,0.317,33,96.2,101,-4.72,,,,,,,,,,,,,,,,,,,,,,,,,,,,,,,,,,,,,
Atlanta Hawks,ATL,2009,47-35,31-10,16-25,30-22,17-13,6-12,13-5,11-5,7-3,5-5,5-5,31-21,16-14,5-7,18-13,1-0,9-6,11-4,6-10,6-5,10-7,4-3,0.573,12,98.10,96.50,1.70,,,,,,,,,,,,,,,,,,,,,,,,,,,,,,,,,,,,,
Boston Celtics,BOS,2009,62-20,35-6,27-14,41-11,21-9,15-1,12-6,14-4,7-3,6-4,8-2,44-11,18-9,7-3,35-6,2-0,14-2,12-3,11-4,8-4,9-6,6-1,0.756,—,100.90,93.40,7.44,,,,,,,,,,,,,,,,,,,,,,,,,,,,,,,,,,,,,
Brooklyn Nets,BKN,2009,35-47,23-18,12-29,20-32,15-15,9-9,6-12,5-11,4-6,8-2,3-7,21-31,14-16,5-5,14-18,0-1,5-10,6-10,8-7,6-7,9-5,1-7,,,,,,,,,,,,,,,,,,,,,,,,,,,,,,,,,,,,,,,,,,
Charlotte Hornets,CLH,2009,41-41,28-13,13-28,24-28,17-13,9-9,9-7,6-12,4-6,8-2,5-5,23-30,18-11,4-8,18-19,1-1,7-8,6-9,7-9,6-6,9-7,5-1,0.427,24,93.60,94.90,-1.20,,,,,,,,,,,,,,,,,,,,,,,,,,,,,,,,,,,,,
Chicago Bulls,CHI,2009,66-16,39-2,27-14,40-12,26-4,15-3,13-3,12-6,10-0,8-2,8-2,40-11,26-5,3-3,41-7,1-1,13-2,12-2,10-4,9-3,16-1,5-3,0.5,25,102.20,102.50,-0.16,,,,,,,,,,,,,,,,,,,,,,,,,,,,,,,,,,,,,
Cleveland Cavaliers,CLE,2009,50-32,32-9,18-23,21-9,29-23,7-3,6-4,8-2,11-7,11-7,7-9,31-21,19-11,10-4,28-14,0-1,8-7,11-4,8-7,8-4,9-7,6-2,0.805,—,100.30,91.40,8.68,,,,,,,,,,,,,,,,,,,,,,,,,,,,,,,,,,,,,
Dallas Mavericks,DAL,2009,54-28,33-8,21-20,19-11,35-17,8-2,3-7,8-2,12-4,11-7,12-6,36-17,18-11,8-5,32-14,1-1,11-5,9-6,10-4,8-4,10-6,5-2,0.61,4,101.70,99.80,1.68,,,,,,,,,,,,,,,,,,,,,,,,,,,,,,,,,,,,,
Denver Nuggets,DEN,2009,39-43,21-20,18-23,26-26,13-17,9-9,7-9,10-8,4-6,7-3,2-8,27-24,12-19,5-6,12-16,1-0,9-6,9-5,6-9,3-9,8-9,3-5,0.659,—,104.30,100.90,3.13,,,,,,,,,,,,,,,,,,,,,,,,,,,,,,,,,,,,,
Detroit Pistons,DET,2009,29-53,21-20,8-33,11-19,18-34,6-4,2-8,3-7,9-9,6-10,3-15,19-35,10-18,3-6,13-25,0-2,5-10,5-12,5-9,5-5,5-11,4-4,0.476,27,94.2,94.7,-0.36,,,,,,,,,,,,,,,,,,,,,,,,,,,,,,,,,,,,,
Golden State Warriors,GOL,2009,53-29,33-8,20-21,18-12,35-17,5-5,5-5,8-2,14-4,12-6,9-7,32-21,21-8,5-8,29-11,2-0,9-7,10-5,8-7,8-3,11-4,5-3,0.354,36,108.60,112.30,-3.80,,,,,,,,,,,,,,,,,,,,,,,,,,,,,,,,,,,,,
Houston Rockets,HOU,2009,36-46,25-16,11-30,23-29,13-17,8-10,7-9,8-10,4-6,6-4,3-7,21-33,15-13,9-12,9-15,0-1,6-9,4-11,9-8,6-7,7-7,4-3,0.646,1,98.40,94.40,3.73,,,,,,,,,,,,,,,,,,,,,,,,,,,,,,,,,,,,,
Indiana Pacers,IND,2009,19-63,11-30,8-33,9-21,10-42,4-6,2-8,3-7,5-13,2-14,3-15,13-40,6-23,4-8,10-41,0-2,3-11,5-10,2-14,5-8,3-11,1-7,0.439,30,105.1,106.2,-0.76,,,,,,,,,,,,,,,,,,,,,,,,,,,,,,,,,,,,,
Los Angeles Clippers,LAC,2009,65-17,36-5,29-12,21-9,44-8,9-1,8-2,4-6,14-4,14-2,16-2,42-10,23-7,7-5,35-7,2-0,12-1,11-4,12-4,11-2,10-5,7-1,0.232,46,95.10,103.90,-8.47,,,,,,,,,,,,,,,,,,,,,,,,,,,,,,,,,,,,,
Los Angeles Lakers,LOS,2009,24-58,16-25,8-33,10-20,14-38,1-9,4-6,5-5,1-17,8-10,5-11,15-37,9-21,2-4,11-38,1-1,3-12,6-9,1-13,4-8,4-11,5-4,0.793,—,106.90,99.30,7.11,,,,,,,,,,,,,,,,,,,,,,,,,,,,,,,,,,,,,
Memphis Grizzlies,MEM,2009,43-39,28-13,15-26,28-24,15-15,9-9,10-8,9-7,5-5,8-2,2-8,28-24,15-15,7-6,16-17,1-1,7-8,9-4,8-8,6-6,8-8,4-4,0.293,30,93.9,99.3,-5.23,,,,,,,,,,,,,,,,,,,,,,,,,,,,,,,,,,,,,
Miami Heat,MIA,2009,34-48,22-19,12-29,21-31,13-17,8-10,4-12,9-9,4-6,4-6,5-5,26-29,8-19,5-3,16-21,1-1,6-11,8-6,9-9,5-6,3-10,2-5,0.524,16,98.30,98.00,0.49,,,,,,,,,,,,,,,,,,,,,,,,,,,,,,,,,,,,,
Milwaukee Bucks,MIL,2009,24-58,11-30,13-28,11-19,13-39,3-7,6-4,2-8,3-13,6-12,4-14,17-34,7-24,6-8,7-27,1-0,3-11,2-14,10-4,2-11,3-14,3-4,0.415,32,99.30,100.40,-0.88,,,,,,,,,,,,,,,,,,,,,,,,,,,,,,,,,,,,,
Minnesota Timberwolves,MIN,2009,34-48,19-22,15-26,23-29,11-19,8-8,6-12,9-9,4-6,4-6,3-7,24-29,10-19,6-8,18-24,1-0,8-7,6-10,6-10,5-5,4-12,4-4,0.293,30,97.80,102.70,-4.74,,,,,,,,,,,,,,,,,,,,,,,,,,,,,,,,,,,,,
New Orleans Pelicans,NOP,2009,49-33,28-13,21-20,19-11,30-22,6-4,7-3,6-4,10-8,11-7,9-7,30-20,19-13,8-1,23-17,2-0,7-6,10-3,9-7,7-6,11-5,3-6,0.598,5,95.80,94.30,1.41,,,,,,,,,,,,,,,,,,,,,,,,,,,,,,,,,,,,,
New York Knicks,NYK,2009,32-50,20-21,12-29,20-32,12-18,5-11,6-12,9-9,3-7,3-7,6-4,21-31,11-19,1-4,12-20,1-1,7-7,4-10,9-7,3-10,5-11,3-4,0.39,30,105.2,107.8,-2.33,,,,,,,,,,,,,,,,,,,,,,,,,,,,,,,,,,,,,
Oklahoma City Thunder,OKC,2009,23-59,15-26,8-33,8-22,15-37,4-6,2-8,2-8,4-12,5-13,6-12,13-40,10-19,7-9,6-34,0-1,2-15,2-13,7-7,3-9,7-8,2-6,0.28,31,97,103.1,-6.04,,,,,,,,,,,,,,,,,,,,,,,,,,,,,,,,,,,,,
Orlando Magic,ORL,2009,59-23,32-9,27-14,37-15,22-8,12-6,11-7,14-2,8-2,9-1,5-5,38-13,21-10,9-2,32-10,0-2,13-2,12-3,10-3,8-6,12-2,4-5,0.72,—,101,94.4,6.48,,,,,,,,,,,,,,,,,,,,,,,,,,,,,,,,,,,,,
Philadelphia 76ers,PHI,2009,41-41,24-17,17-24,25-27,16-14,6-10,10-8,9-9,4-6,7-3,5-5,27-24,14-17,6-9,15-19,1-1,6-9,6-8,10-5,6-6,9-6,3-6,0.5,21,97.4,97.3,0.16,,,,,,,,,,,,,,,,,,,,,,,,,,,,,,,,,,,,,
Phoenix Suns,PHO,2009,46-36,28-13,18-23,16-14,30-22,5-5,5-5,6-4,12-6,11-5,7-11,28-23,18-13,5-3,23-21,1-1,10-6,7-5,7-8,8-5,7-9,6-2,0.561,19,109.40,107.50,1.62,,,,,,,,,,,,,,,,,,,,,,,,,,,,,,,,,,,,,
Portland Trail Blazers,PLB,2009,54-28,34-7,20-21,22-8,32-20,7-3,8-2,7-3,11-5,11-7,10-8,32-20,22-8,9-1,31-11,1-1,11-5,8-6,9-5,7-5,11-5,7-1,0.659,—,99.40,94.10,5.00,,,,,,,,,,,,,,,,,,,,,,,,,,,,,,,,,,,,,
Sacramento Kings,SAC,2009,17-65,11-30,6-35,1-29,16-36,1-9,0-10,0-10,5-13,7-9,4-14,11-43,6-22,2-14,6-33,0-2,5-12,3-10,2-14,3-10,3-9,1-8,0.207,48,100.60,109.30,-8.60,,,,,,,,,,,,,,,,,,,,,,,,,,,,,,,,,,,,,
San Antonio Spurs,SAN,2009,54-28,28-13,26-15,18-12,36-16,6-4,5-5,7-3,11-7,15-3,10-6,35-16,19-12,12-7,26-12,0-2,9-5,11-4,12-3,7-4,9-8,6-2,0.659,—,97.00,93.30,3.36,,,,,,,,,,,,,,,,,,,,,,,,,,,,,,,,,,,,,
Toronto Raptors,TOR,2009,33-49,18-23,15-26,22-30,11-19,6-10,7-11,9-9,3-7,5-5,3-7,21-34,12-15,3-4,15-24,2-0,6-8,4-12,7-9,4-8,5-8,5-4,0.402,29,99,101.9,-2.54,,,,,,,,,,,,,,,,,,,,,,,,,,,,,,,,,,,,,
Utah Jazz,UTA,2009,48-34,33-8,15-26,15-15,33-19,7-3,5-5,3-7,10-6,12-6,11-7,30-23,18-11,1-3,26-15,1-0,10-7,8-7,7-8,10-1,10-5,2-6,0.585,6,103.6,100.9,2.31,,,,,,,,,,,,,,,,,,,,,,,,,,,,,,,,,,,,,
Washington Wizards,WAS,2009,19-63,13-28,6-35,10-42,9-21,4-14,5-13,1-15,4-6,4-6,1-9,11-42,8-21,7-5,7-35,0-1,2-11,4-12,4-13,4-8,3-13,2-5,0.232,40,96.1,103.5,-6.98,,,,,,,,,,,,,,,,,,,,,,,,,,,,,,,,,,,,,
,,,,,,,,,,,,,,,,,,,,,,,,,,,,,,,,,,,,,,,,,,,,,,,,,,,,,,,,,,,,,,,,,,
,,,,,,,,,,,,,,,,,,,,,,,,,,,,,,,,,,,,,,,,,,,,,,,,,,,,,,,,,,,,,,,,,,
,,,,,,,,,,,,,,,,,,,,,,,,,,,,,,,,,,,,,,,,,,,,,,,,,,,,,,,,,,,,,,,,,,
,,,,,,,,,,,,,,,,,,,,,,,,,,,,,,,,,,,,,,,,,,,,,,,,,,,,,,,,,,,,,,,,,,
