TEAM,TEAM ABBREVIATION,SEASON,ATL,BOS,BRK,CHI,CHO,CLE,DAL,DEN,DET,GSW,HOU,IND,LAC,LAL,MEM,MIA,MIL,MIN,NOP,NYK,OKC,ORL,PHI,PHO,POR,SAC,SAS,TOR,UTA,WAS,,,,,,,,,,,,,,,,,,,
Atlanta Hawks,ATL,2020,,0-3,1-3,0-3,2-0,0-2,1-1,1-1,1-2,1-0,0-2,1-2,1-1,0-2,0-2,1-3,0-3,1-1,,1-2,0-1,2-2,1-2,1-1,1-1,0-1,2-0,0-3,0-1,1-2,,,,,,,,,,,,,,,,,,,
Boston Celtics,BOS,2020,3-0,,2-2,2-0,3-0,4-0,2-0,1-1,1-1,2-0,0-2,1-1,1-1,1-1,2-0,2-1,1-2,1-0,1-1,3-0,1-1,3-0,1-3,1-1,2-0,1-1,1-1,3-1,1-1,1-2,,,,,,,,,,,,,,,,,,,
Brooklyn Nets,BKN,2020,3-1,2-2,,3-0,3-1,1-0,0-1,1-1,2-1,1-0,1-1,1-2,1-0,1-1,0-2,1-2,1-1,0-2,2-0,2-2,0-1,1-3,1-3,1-1,1-1,2-0,1-1,1-3,0-2,1-2,,,,,,,,,,,,,,,,,,,
Charlotte Hornets,CLH,2020,0-2,0-3,1-3,3-1,,1-1,1-1,0-2,4-0,2-0,1-1,1-3,0-1,0-1,0-2,1-1,0-3,1-1,0-1,3-0,0-1,0-2,0-1,0-2,0-1,2-0,0-2,1-2,0-2,1-2,,,,,,,,,,,,,,,,,,,
Chicago Bulls,CHI,2020,3-0,0-2,0-3,,1-3,3-1,1-1,,4-0,0-2,0-1,0-4,1-0,0-1,2-0,0-2,0-4,1-1,0-2,1-2,0-2,0-1,0-2,0-1,0-2,1-1,1-0,0-3,0-1,3-1,,,,,,,,,,,,,,,,,,,
Cleveland Cavaliers,CLE,2020,2-0,0-4,0-1,1-3,1-1,,0-2,2-0,2-2,0-1,0-1,1-2,0-2,0-1,1-1,1-3,0-3,1-1,0-2,1-3,0-2,0-3,1-3,,1-0,,2-0,0-3,0-1,2-1,,,,,,,,,,,,,,,,,,,
Dallas Mavericks,DAL,2020,1-1,0-2,1-0,1-1,1-1,2-0,,2-1,1-0,3-0,1-2,1-1,0-3,1-3,2-1,0-2,2-0,3-0,4-0,0-2,1-1,2-0,2-0,1-3,2-2,3-1,3-1,1-1,1-2,1-1,,,,,,,,,,,,,,,,,,,
Denver Nuggets,DEN,2020,1-1,1-1,1-1,,2-0,0-2,1-2,,1-1,1-1,2-2,1-1,1-2,1-3,2-1,1-1,2-0,4-0,1-2,2-0,2-1,2-0,1-1,4-0,3-1,2-1,2-0,1-1,3-0,1-1,,,,,,,,,,,,,,,,,,,
Detroit Pistons,DET,2020,2-1,1-1,1-2,0-4,0-4,2-2,0-1,1-1,,1-0,1-0,3-1,0-1,0-1,0-2,0-1,0-3,0-1,1-1,1-2,0-2,1-1,0-3,2-0,0-1,1-1,1-1,0-3,0-2,1-3,,,,,,,,,,,,,,,,,,,
Golden State Warriors,GOL,2020,0-1,0-2,0-1,2-0,0-2,1-0,0-3,1-1,0-1,,1-2,0-1,0-3,0-3,1-2,0-2,0-1,1-2,2-2,0-1,0-3,1-1,1-1,2-2,1-2,0-3,0-2,0-1,0-4,1-1,,,,,,,,,,,,,,,,,,,
Houston Rockets,HOU,2020,2-0,2-0,1-1,1-0,1-1,1-0,2-1,2-2,0-1,2-1,,1-1,2-2,2-1,2-1,1-1,1-1,4-0,3-1,1-1,1-2,1-1,1-1,2-1,1-3,2-1,1-2,1-0,2-1,1-0,,,,,,,,,,,,,,,,,,,
Indiana Pacers,IND,2020,2-1,1-1,2-1,4-0,3-1,2-1,1-1,1-1,1-3,1-0,1-1,,0-1,2-0,2-0,1-3,1-3,2-0,0-2,2-1,2-0,3-0,3-1,1-1,1-1,1-0,1-0,1-3,1-1,2-0,,,,,,,,,,,,,,,,,,,
Los Angeles Clippers,LAC,2020,1-1,1-1,0-1,0-1,1-0,2-0,3-0,2-1,1-0,3-0,2-2,1-0,,2-2,2-1,2-0,0-2,2-1,3-1,1-0,3-1,2-0,1-1,2-2,3-0,1-2,3-1,2-0,1-2,2-0,,,,,,,,,,,,,,,,,,,
Los Angeles Lakers,LOS,2020,2-0,1-1,1-1,1-0,1-0,1-0,3-1,3-1,1-0,3-0,1-2,0-2,2-2,,3-1,2-0,1-1,1-0,4-0,2-0,3-1,1-1,1-1,3-0,2-1,2-1,3-0,0-2,3-0,1-0,,,,,,,,,,,,,,,,,,,
Memphis Grizzlies,MEM,2020,2-0,0-2,2-0,0-2,2-0,1-1,1-2,1-2,2-0,2-1,1-2,0-2,1-2,1-3,,1-1,1-1,3-0,0-3,1-0,2-1,0-2,0-1,3-1,1-1,1-3,2-2,0-1,1-3,2-0,,,,,,,,,,,,,,,,,,,
Miami Heat,MIA,2020,3-1,1-2,2-1,2-0,1-1,3-1,2-0,1-1,1-0,2-0,1-1,3-1,0-2,0-2,1-1,,2-1,0-2,1-1,1-1,1-1,3-1,3-1,1-1,1-1,1-1,1-1,2-1,1-1,3-1,,,,,,,,,,,,,,,,,,,
Milwaukee Bucks,MIL,2020,3-0,2-1,1-1,4-0,3-0,3-0,0-2,0-2,3-0,1-0,1-1,3-1,2-0,1-1,1-1,1-2,,2-0,2-0,3-0,2-0,4-0,2-1,1-1,2-0,2-0,1-1,2-1,1-1,3-0,,,,,,,,,,,,,,,,,,,
Minnesota Timberwolves,MIN,2020,1-1,0-1,2-0,1-1,1-1,1-1,0-3,0-4,1-0,2-1,0-4,0-2,1-2,0-1,0-3,2-0,0-2,,1-2,,0-3,0-2,0-1,0-2,1-1,1-2,2-0,0-2,1-2,1-1,,,,,,,,,,,,,,,,,,,
New Orleans Pelicans,NOP,2020,,1-1,0-2,2-0,1-0,2-0,0-4,2-1,1-1,2-2,1-3,2-0,1-3,0-4,3-0,1-1,0-2,2-1,,1-0,0-4,0-2,0-1,1-1,4-0,1-2,0-2,0-2,1-3,1-0,,,,,,,,,,,,,,,,,,,
New York Knicks,NYK,2020,2-1,0-3,2-2,2-1,0-3,3-1,2-0,0-2,2-1,1-0,1-1,1-2,0-1,0-2,0-1,1-1,0-3,,0-1,,0-1,1-1,0-4,0-2,1-1,1-1,0-2,0-2,0-2,1-3,,,,,,,,,,,,,,,,,,,
Oklahoma City Thunder,OKC,2020,1-0,1-1,1-0,2-0,1-0,2-0,1-1,1-2,2-0,3-0,2-1,0-2,1-3,1-3,1-2,1-1,0-2,3-0,4-0,1-0,,2-0,1-1,2-1,2-2,2-1,2-2,1-1,2-1,1-1,,,,,,,,,,,,,,,,,,,
Orlando Magic,ORL,2020,2-2,0-3,3-1,1-0,2-0,3-0,0-2,0-2,1-1,1-1,1-1,0-3,0-2,1-1,2-0,1-3,0-4,2-0,2-0,1-1,0-2,,2-1,1-1,0-2,2-0,1-1,0-4,0-2,4-0,,,,,,,,,,,,,,,,,,,
Philadelphia 76ers,PHI,2020,2-1,3-1,3-1,2-0,1-0,3-1,0-2,1-1,3-0,1-1,1-1,1-3,1-1,1-1,1-0,1-3,1-2,1-0,1-0,4-0,1-1,1-2,,0-2,1-1,2-0,2-0,1-3,1-1,2-1,,,,,,,,,,,,,,,,,,,
Phoenix Suns,PHO,2020,1-1,1-1,1-1,1-0,2-0,,3-1,0-4,0-2,2-2,1-2,1-1,2-2,0-3,1-3,1-1,1-1,2-0,1-1,2-0,1-2,1-1,2-0,,2-2,2-2,1-2,0-2,1-1,1-1,,,,,,,,,,,,,,,,,,,
Portland Trail Blazers,PLB,2020,1-1,0-2,1-1,2-0,1-0,0-1,2-2,1-3,1-0,2-1,3-1,1-1,0-3,1-2,1-1,1-1,0-2,1-1,0-4,1-1,2-2,2-0,1-1,2-2,,2-2,2-1,1-1,1-2,2-0,,,,,,,,,,,,,,,,,,,
Sacramento Kings,SAC,2020,1-0,1-1,0-2,1-1,0-2,,1-3,1-2,1-1,3-0,1-2,0-1,2-1,1-2,3-1,1-1,0-2,2-1,2-1,1-1,1-2,0-2,0-2,2-2,2-2,,1-2,0-2,1-2,2-0,,,,,,,,,,,,,,,,,,,
San Antonio Spurs,SAN,2020,0-2,1-1,1-1,0-1,2-0,0-2,1-3,0-2,1-1,2-0,2-1,0-1,1-3,0-3,2-2,1-1,1-1,0-2,2-0,2-0,2-2,1-1,0-2,2-1,1-2,2-1,,1-1,3-1,1-1,,,,,,,,,,,,,,,,,,,
Toronto Raptors,TOR,2020,3-0,1-3,3-1,3-0,2-1,3-0,1-1,1-1,3-0,1-0,0-1,3-1,0-2,2-0,1-0,1-2,1-2,2-0,2-0,2-0,1-1,4-0,3-1,2-0,1-1,2-0,1-1,,2-0,2-0,,,,,,,,,,,,,,,,,,,
Utah Jazz,UTA,2020,1-0,1-1,2-0,1-0,2-0,1-0,2-1,0-3,2-0,4-0,1-2,1-1,2-1,0-3,3-1,1-1,1-1,2-1,3-1,2-0,1-2,2-0,1-1,1-1,2-1,2-1,1-3,0-2,,2-0,,,,,,,,,,,,,,,,,,,
Washington Wizards,WAS,2020,2-1,2-1,2-1,1-3,2-1,1-2,1-1,1-1,3-1,1-1,0-1,0-2,0-2,0-1,0-2,1-3,0-3,1-1,0-1,3-1,1-1,0-4,1-2,1-1,0-2,0-2,1-1,0-2,0-2,,,,,,,,,,,,,,,,,,,,
Atlanta Hawks,ATL,2019,,0-4,0-3,2-2,1-3,2-1,1-1,1-1,1-2,0-2,0-2,0-4,1-1,1-1,1-1,3-1,1-3,2-0,2-0,1-3,1-1,0-4,3-1,2-0,0-2,0-2,0-2,0-3,1-1,2-2,,,,,,,,,,,,,,,,,,,
Boston Celtics,BOS,2019,4-0,,2-2,2-1,2-2,4-0,1-1,0-2,3-1,1-1,0-2,3-1,0-2,1-1,2-0,3-1,1-2,2-0,2-0,3-1,2-0,0-3,3-1,1-1,0-2,2-0,0-2,2-2,0-2,3-0,,,,,,,,,,,,,,,,,,,
Brooklyn Nets,BKN,2019,3-0,2-2,,3-1,2-2,3-1,1-1,2-0,2-1,0-2,1-1,1-2,0-2,2-0,1-1,2-2,1-3,0-2,1-1,3-1,0-2,2-1,2-2,2-0,0-2,2-0,1-1,1-3,0-2,2-2,,,,,,,,,,,,,,,,,,,
Charlotte Hornets,CLH,2019,3-1,2-2,2-2,2-1,,3-1,0-2,1-1,4-0,0-2,0-2,1-2,0-2,0-2,2-0,2-2,1-3,1-1,1-1,2-1,0-2,2-2,0-4,2-0,0-2,1-1,2-0,2-1,0-2,3-1,,,,,,,,,,,,,,,,,,,
Chicago Bulls,CHI,2019,2-2,1-2,1-3,,1-2,3-1,0-2,0-2,0-4,0-2,0-2,0-4,0-2,0-2,2-0,1-2,0-4,0-2,0-2,1-2,1-1,2-2,1-3,2-0,0-2,0-2,1-1,0-4,0-2,3-1,,,,,,,,,,,,,,,,,,,
Cleveland Cavaliers,CLE,2019,1-2,0-4,1-3,1-3,1-3,,0-2,0-2,1-3,0-2,1-1,1-3,0-2,1-1,1-1,0-4,1-3,0-2,0-2,3-0,0-2,1-2,1-2,1-1,0-2,0-2,0-2,1-3,0-2,2-2,,,,,,,,,,,,,,,,,,,
Dallas Mavericks,DAL,2019,1-1,1-1,1-1,2-0,2-0,2-0,,0-3,1-1,2-2,2-2,1-1,2-2,0-3,1-3,0-2,0-2,2-1,1-3,1-1,3-1,1-1,1-1,2-2,2-2,0-3,0-4,0-2,1-3,1-1,,,,,,,,,,,,,,,,,,,
Denver Nuggets,DEN,2019,1-1,2-0,0-2,2-0,1-1,2-0,3-0,,1-1,1-3,1-3,1-1,3-1,2-1,2-1,2-0,0-2,4-0,2-2,2-0,4-0,2-0,1-1,3-1,3-1,3-0,2-2,2-0,1-3,1-1,,,,,,,,,,,,,,,,,,,
Detroit Pistons,DET,2019,2-1,1-3,1-2,4-0,0-4,3-1,1-1,1-1,,1-1,1-1,1-3,1-1,1-1,2-0,2-2,0-4,2-0,1-1,4-0,0-2,3-1,1-3,2-0,1-1,0-2,0-2,3-0,0-2,2-1,,,,,,,,,,,,,,,,,,,
Golden State Warriors,GOL,2019,2-0,1-1,2-0,2-0,2-0,2-0,2-2,3-1,1-1,,1-3,2-0,3-1,3-1,3-1,1-1,1-1,3-1,3-0,2-0,2-1,1-1,1-1,3-1,2-2,4-0,1-2,0-2,2-1,2-0,,,,,,,,,,,,,,,,,,,
Houston Rockets,HOU,2019,2-0,2-0,1-1,2-0,2-0,1-1,2-2,3-1,1-1,3-1,,2-0,1-2,3-1,3-1,1-1,0-2,1-2,2-2,2-0,1-3,1-1,1-1,3-0,1-2,4-0,3-1,2-0,2-2,1-1,,,,,,,,,,,,,,,,,,,
Indiana Pacers,IND,2019,4-0,1-3,2-1,4-0,2-1,3-1,1-1,1-1,3-1,0-2,0-2,,1-1,1-1,1-1,3-0,1-3,1-1,2-0,4-0,1-1,1-3,1-3,2-0,0-2,1-1,1-1,1-2,2-0,3-1,,,,,,,,,,,,,,,,,,,
Los Angeles Clippers,LAC,2019,1-1,2-0,2-0,2-0,2-0,2-0,2-2,1-3,1-1,1-3,2-1,1-1,,2-2,3-1,1-1,1-1,2-1,1-2,2-0,2-2,2-0,0-2,4-0,1-3,4-0,2-2,0-2,1-2,1-1,,,,,,,,,,,,,,,,,,,
Los Angeles Lakers,LOS,2019,1-1,1-1,0-2,2-0,2-0,1-1,3-0,1-2,1-1,1-3,1-3,1-1,2-2,,1-2,2-0,0-2,1-3,3-1,0-2,1-2,0-2,0-2,3-1,2-2,3-1,1-3,0-2,2-2,1-1,,,,,,,,,,,,,,,,,,,
Memphis Grizzlies,MEM,2019,1-1,0-2,1-1,0-2,0-2,1-1,3-1,1-2,0-2,1-3,1-3,1-1,1-3,2-1,,0-2,1-1,2-2,2-2,1-1,1-2,1-1,1-1,2-1,2-2,1-3,2-2,0-2,3-1,1-1,,,,,,,,,,,,,,,,,,,
Miami Heat,MIA,2019,1-3,1-3,2-2,2-1,2-2,4-0,2-0,0-2,2-2,1-1,1-1,0-3,1-1,0-2,2-0,,1-3,0-2,2-0,3-0,1-1,1-3,1-2,1-1,2-0,0-2,2-0,0-4,1-1,3-1,,,,,,,,,,,,,,,,,,,
Milwaukee Bucks,MIL,2019,3-1,2-1,3-1,4-0,3-1,3-1,2-0,2-0,4-0,1-1,2-0,3-1,1-1,2-0,1-1,3-1,,2-0,2-0,3-1,0-2,2-1,2-1,0-2,1-1,2-0,1-1,3-1,1-1,2-1,,,,,,,,,,,,,,,,,,,
Minnesota Timberwolves,MIN,2019,0-2,0-2,2-0,2-0,1-1,2-0,1-2,0-4,0-2,1-3,2-1,1-1,1-2,3-1,2-2,2-0,0-2,,2-2,2-0,3-1,1-1,0-2,2-1,1-3,2-2,1-3,0-2,1-3,1-1,,,,,,,,,,,,,,,,,,,
New Orleans Pelicans,NOP,2019,0-2,0-2,1-1,2-0,1-1,2-0,3-1,2-2,1-1,0-3,2-2,0-2,2-1,1-3,2-2,0-2,0-2,2-2,,1-1,2-2,0-2,0-2,2-2,0-3,3-1,1-3,1-1,1-2,1-1,,,,,,,,,,,,,,,,,,,
New York Knicks,NYK,2019,3-1,1-3,1-3,2-1,1-2,0-3,1-1,0-2,0-4,0-2,0-2,0-4,0-2,2-0,1-1,0-3,1-3,0-2,1-1,,0-2,1-3,0-4,0-2,0-2,0-2,1-1,0-4,0-2,1-3,,,,,,,,,,,,,,,,,,,
Oklahoma City Thunder,OKC,2019,1-1,0-2,2-0,1-1,2-0,2-0,1-3,0-4,2-0,1-2,3-1,1-1,2-2,2-1,2-1,1-1,2-0,1-3,2-2,2-0,,2-0,1-1,4-0,4-0,1-3,1-2,1-1,4-0,1-1,,,,,,,,,,,,,,,,,,,
Orlando Magic,ORL,2019,4-0,3-0,1-2,2-2,2-2,2-1,1-1,0-2,1-3,1-1,1-1,3-1,0-2,2-0,1-1,3-1,1-2,1-1,2-0,3-1,0-2,,2-2,1-1,0-2,0-2,1-1,2-2,1-1,1-3,,,,,,,,,,,,,,,,,,,
Philadelphia 76ers,PHI,2019,1-3,1-3,2-2,3-1,4-0,2-1,1-1,1-1,3-1,1-1,1-1,3-1,2-0,2-0,1-1,2-1,1-2,2-0,2-0,4-0,1-1,2-2,,2-0,0-2,1-1,1-1,1-3,2-0,2-1,,,,,,,,,,,,,,,,,,,
Phoenix Suns,PHO,2019,0-2,1-1,0-2,0-2,0-2,1-1,2-2,1-3,0-2,1-3,0-3,0-2,0-4,1-3,1-2,1-1,2-0,1-2,2-2,2-0,0-4,1-1,0-2,,0-3,1-3,1-3,0-2,0-4,0-2,,,,,,,,,,,,,,,,,,,
Portland Trail Blazers,PLB,2019,2-0,2-0,2-0,2-0,2-0,2-0,2-2,1-3,1-1,2-2,2-1,2-0,3-1,2-2,2-2,0-2,1-1,3-1,3-0,2-0,0-4,2-0,2-0,3-0,,2-1,2-2,1-1,2-2,1-1,,,,,,,,,,,,,,,,,,,
Sacramento Kings,SAC,2019,2-0,0-2,0-2,2-0,1-1,2-0,3-0,0-3,2-0,0-4,0-4,1-1,0-4,1-3,3-1,2-0,0-2,2-2,1-3,2-0,3-1,2-0,1-1,3-1,1-2,,3-0,0-2,1-3,1-1,,,,,,,,,,,,,,,,,,,
San Antonio Spurs,SAN,2019,2-0,2-0,1-1,1-1,0-2,2-0,4-0,2-2,2-0,2-1,1-3,1-1,2-2,3-1,2-2,0-2,1-1,3-1,3-1,1-1,2-1,1-1,1-1,3-1,2-2,0-3,,1-1,1-2,2-0,,,,,,,,,,,,,,,,,,,
Toronto Raptors,TOR,2019,3-0,2-2,3-1,4-0,1-2,3-1,2-0,0-2,0-3,2-0,0-2,2-1,2-0,2-0,2-0,4-0,1-3,2-0,1-1,4-0,1-1,2-2,3-1,2-0,1-1,2-0,1-1,,2-0,4-0,,,,,,,,,,,,,,,,,,,
Utah Jazz,UTA,2019,1-1,2-0,2-0,2-0,2-0,2-0,3-1,3-1,2-0,1-2,2-2,0-2,2-1,2-2,1-3,1-1,1-1,3-1,2-1,2-0,0-4,1-1,0-2,4-0,2-2,3-1,2-1,0-2,,2-0,,,,,,,,,,,,,,,,,,,
Washington Wizards,WAS,2019,2-2,0-3,2-2,1-3,1-3,2-2,1-1,1-1,1-2,0-2,1-1,1-3,1-1,1-1,1-1,1-3,1-2,1-1,1-1,3-1,1-1,3-1,1-2,2-0,1-1,1-1,0-2,0-4,0-2,,,,,,,,,,,,,,,,,,,,
Atlanta Hawks,ATL,2018,,1-3,1-3,0-3,0-4,1-3,2-0,1-1,1-3,0-2,0-2,1-3,0-2,0-2,1-1,1-3,0-3,1-1,1-1,2-1,0-2,2-2,0-3,1-1,1-1,1-1,1-1,0-4,2-0,2-2,,,,,,,,,,,,,,,,,,,
Boston Celtics,BOS,2018,3-1,,4-0,3-1,3-0,1-2,2-0,2-0,2-1,1-1,1-1,2-2,1-1,1-1,2-0,1-2,2-2,2-0,0-2,3-1,2-0,3-1,3-1,2-0,2-0,2-0,1-1,2-2,1-1,1-3,,,,,,,,,,,,,,,,,,,
Brooklyn Nets,BKN,2018,3-1,0-4,,3-0,1-2,1-3,2-0,0-2,1-3,0-2,0-2,0-4,0-2,0-2,2-0,3-1,1-2,1-1,0-2,0-4,1-1,3-1,1-3,1-1,1-1,0-2,0-2,0-4,1-1,2-1,,,,,,,,,,,,,,,,,,,
Charlotte Hornets,CLH,2018,4-0,0-3,2-1,1-3,,0-3,1-1,1-1,2-1,1-1,0-2,2-2,1-1,1-1,2-0,0-4,2-2,1-1,0-2,2-2,1-1,4-0,0-4,2-0,0-2,2-0,0-2,0-4,1-1,3-1,,,,,,,,,,,,,,,,,,,
Chicago Bulls,CHI,2018,3-0,1-3,0-3,,3-1,0-4,2-0,0-2,1-3,0-2,0-2,1-3,0-2,0-2,2-0,1-3,2-2,1-1,0-2,3-1,0-2,4-0,1-2,0-2,0-2,0-2,0-2,0-4,1-1,1-2,,,,,,,,,,,,,,,,,,,
Cleveland Cavaliers,CLE,2018,3-1,2-1,3-1,4-0,3-0,,2-0,1-1,3-1,0-2,0-2,1-3,1-1,1-1,2-0,2-1,3-1,1-1,1-1,2-2,1-1,2-2,2-2,2-0,1-1,1-1,0-2,2-1,1-1,3-1,,,,,,,,,,,,,,,,,,,
Dallas Mavericks,DAL,2018,0-2,0-2,0-2,0-2,1-1,0-2,,2-2,1-1,0-4,0-4,2-0,1-2,1-3,3-1,0-2,1-1,0-4,1-3,1-1,2-2,1-1,0-2,0-3,1-2,2-2,1-3,1-1,0-3,2-0,,,,,,,,,,,,,,,,,,,
Denver Nuggets,DEN,2018,1-1,0-2,2-0,2-0,1-1,1-1,2-2,,2-0,2-2,0-3,1-1,1-2,2-2,3-1,1-1,2-0,1-3,2-1,1-1,3-1,2-0,0-2,2-1,3-1,3-1,2-2,1-1,2-2,1-1,,,,,,,,,,,,,,,,,,,
Detroit Pistons,DET,2018,3-1,1-2,3-1,3-1,1-2,1-3,1-1,0-2,,1-1,1-1,3-1,1-1,1-1,1-1,2-2,2-2,2-0,0-2,3-0,1-1,1-2,0-4,2-0,1-1,2-0,1-1,0-4,0-2,1-3,,,,,,,,,,,,,,,,,,,
Golden State Warriors,GOL,2018,2-0,1-1,2-0,2-0,1-1,2-0,4-0,2-2,1-1,,1-2,0-2,3-1,4-0,2-1,2-0,1-1,2-1,3-1,2-0,2-2,2-0,2-0,4-0,1-2,2-2,3-1,2-0,1-3,2-0,,,,,,,,,,,,,,,,,,,
Houston Rockets,HOU,2018,2-0,1-1,2-0,2-0,2-0,2-0,4-0,3-0,1-1,2-1,,2-0,2-2,3-1,2-2,2-0,2-0,4-0,3-1,2-0,1-2,2-0,1-1,4-0,4-0,2-1,3-1,0-2,4-0,1-1,,,,,,,,,,,,,,,,,,,
Indiana Pacers,IND,2018,3-1,2-2,4-0,3-1,2-2,3-1,0-2,1-1,1-3,2-0,0-2,,2-0,1-1,2-0,2-2,3-1,1-1,0-2,2-1,0-2,3-0,2-1,2-0,0-2,2-0,2-0,1-3,1-1,1-2,,,,,,,,,,,,,,,,,,,
Los Angeles Clippers,LAC,2018,2-0,1-1,2-0,2-0,1-1,1-1,2-1,2-1,1-1,1-3,2-2,0-2,,3-1,2-2,0-2,2-0,0-4,1-3,1-1,0-3,2-0,0-2,4-0,1-3,4-0,1-2,2-0,1-3,1-1,,,,,,,,,,,,,,,,,,,
Los Angeles Lakers,LOS,2018,2-0,1-1,2-0,2-0,1-1,1-1,3-1,2-2,1-1,0-4,1-3,1-1,1-3,,2-2,1-1,0-2,0-4,0-3,1-1,2-2,1-1,1-1,3-1,0-3,2-2,3-0,0-2,0-3,1-1,,,,,,,,,,,,,,,,,,,
Memphis Grizzlies,MEM,2018,1-1,0-2,0-2,0-2,0-2,0-2,1-3,1-3,1-1,1-2,2-2,0-2,2-2,2-2,,0-2,0-2,2-1,2-2,1-1,0-4,0-2,1-1,1-3,2-2,2-1,0-4,0-2,0-3,0-2,,,,,,,,,,,,,,,,,,,
Miami Heat,MIA,2018,3-1,2-1,1-3,3-1,4-0,1-2,2-0,1-1,2-2,0-2,0-2,2-2,2-0,1-1,2-0,,3-0,1-1,0-2,2-2,0-2,2-2,2-2,2-0,0-2,0-2,0-2,2-1,2-0,2-2,,,,,,,,,,,,,,,,,,,
Milwaukee Bucks,MIL,2018,3-0,2-2,2-1,2-2,2-2,1-3,1-1,0-2,2-2,1-1,0-2,1-3,0-2,2-0,2-0,0-3,,1-1,0-2,4-0,1-1,3-1,2-2,2-0,2-0,2-0,2-0,1-2,1-1,2-2,,,,,,,,,,,,,,,,,,,
Minnesota Timberwolves,MIN,2018,1-1,0-2,1-1,1-1,1-1,1-1,4-0,3-1,0-2,1-2,0-4,1-1,4-0,4-0,1-2,1-1,1-1,,4-0,2-0,3-1,1-1,0-2,2-2,2-2,3-0,1-2,1-1,2-2,1-1,,,,,,,,,,,,,,,,,,,
New Orleans Pelicans,NOP,2018,1-1,2-0,2-0,2-0,2-0,1-1,3-1,1-2,2-0,1-3,1-3,2-0,3-1,3-0,2-2,2-0,2-0,0-4,,1-1,2-1,1-1,1-1,3-0,2-2,2-2,3-1,0-2,1-3,0-2,,,,,,,,,,,,,,,,,,,
New York Knicks,NYK,2018,1-2,1-3,4-0,1-3,2-2,2-2,1-1,1-1,0-3,0-2,0-2,1-2,1-1,1-1,1-1,2-2,0-4,0-2,1-1,,1-1,1-3,0-4,2-0,0-2,1-1,0-2,1-3,2-0,1-2,,,,,,,,,,,,,,,,,,,
Oklahoma City Thunder,OKC,2018,2-0,0-2,1-1,2-0,1-1,1-1,2-2,1-3,1-1,2-2,2-1,2-0,3-0,2-2,4-0,2-0,1-1,1-3,1-2,1-1,,1-1,2-0,2-1,0-4,3-1,2-2,2-0,3-1,1-1,,,,,,,,,,,,,,,,,,,
Orlando Magic,ORL,2018,2-2,1-3,1-3,0-4,0-4,2-2,1-1,0-2,2-1,0-2,0-2,0-3,0-2,1-1,2-0,2-2,1-3,1-1,1-1,3-1,1-1,,0-3,2-0,0-2,0-2,1-1,0-3,0-2,1-3,,,,,,,,,,,,,,,,,,,
Philadelphia 76ers,PHI,2018,3-0,1-3,3-1,2-1,4-0,2-2,2-0,2-0,4-0,0-2,1-1,1-2,2-0,1-1,1-1,2-2,2-2,2-0,1-1,4-0,0-2,3-0,,1-1,1-1,0-2,2-0,1-3,2-0,2-2,,,,,,,,,,,,,,,,,,,
Phoenix Suns,PHO,2018,1-1,0-2,1-1,2-0,0-2,0-2,3-0,1-2,0-2,0-4,0-4,0-2,0-4,1-3,3-1,0-2,0-2,2-2,0-3,0-2,1-2,0-2,1-1,,0-4,3-1,0-4,0-2,1-3,1-1,,,,,,,,,,,,,,,,,,,
Portland Trail Blazers,PLB,2018,1-1,0-2,1-1,2-0,2-0,1-1,2-1,1-3,1-1,2-1,0-4,2-0,3-1,3-0,2-2,2-0,0-2,2-2,2-2,2-0,4-0,2-0,1-1,4-0,,3-1,1-2,0-2,2-2,1-1,,,,,,,,,,,,,,,,,,,
Sacramento Kings,SAC,2018,1-1,0-2,2-0,2-0,0-2,1-1,2-2,1-3,0-2,2-2,1-2,0-2,0-4,2-2,1-2,2-0,0-2,0-3,2-2,1-1,1-3,2-0,2-0,1-3,1-3,,0-4,0-2,0-3,0-2,,,,,,,,,,,,,,,,,,,
San Antonio Spurs,SAN,2018,1-1,1-1,2-0,2-0,2-0,2-0,3-1,2-2,1-1,1-3,1-3,0-2,2-1,0-3,4-0,2-0,0-2,2-1,1-3,2-0,2-2,1-1,0-2,4-0,2-1,4-0,,1-1,1-3,1-1,,,,,,,,,,,,,,,,,,,
Toronto Raptors,TOR,2018,4-0,2-2,4-0,4-0,4-0,1-2,1-1,1-1,4-0,0-2,2-0,3-1,0-2,2-0,2-0,1-2,2-1,1-1,2-0,3-1,0-2,3-0,3-1,2-0,2-0,2-0,1-1,,1-1,2-2,,,,,,,,,,,,,,,,,,,
Utah Jazz,UTA,2018,0-2,1-1,1-1,1-1,1-1,1-1,3-0,2-2,2-0,3-1,0-4,1-1,3-1,3-0,3-0,0-2,1-1,2-2,3-1,0-2,1-3,2-0,0-2,3-1,2-2,3-0,3-1,1-1,,2-0,,,,,,,,,,,,,,,,,,,
Washington Wizards,WAS,2018,2-2,3-1,1-2,2-1,1-3,1-3,0-2,1-1,3-1,0-2,1-1,2-1,1-1,1-1,2-0,2-2,2-2,1-1,2-0,2-1,1-1,3-1,2-2,1-1,1-1,2-0,1-1,2-2,0-2,,,,,,,,,,,,,,,,,,,,
Atlanta Hawks,ATL,2017,,2-1,2-2,3-1,1-3,3-1,2-0,2-0,1-2,0-2,2-0,1-2,0-2,0-2,1-1,2-2,3-1,0-2,1-1,3-1,1-1,2-2,4-0,1-1,1-1,1-1,1-1,2-1,0-2,1-3,,,,,,,,,,,,,,,,,,,
Boston Celtics,BOS,2017,1-2,,4-0,2-2,4-0,1-3,2-0,0-2,3-1,1-1,1-1,3-0,1-1,2-0,2-0,4-0,2-1,2-0,1-1,3-1,0-2,3-0,3-1,1-1,1-1,1-1,0-2,1-3,2-0,2-2,,,,,,,,,,,,,,,,,,,
Brooklyn Nets,BKN,2017,2-2,0-4,,1-3,1-3,0-3,0-2,1-1,2-1,0-2,0-2,1-3,1-1,1-1,1-1,0-3,0-4,1-1,1-1,2-2,0-2,1-2,1-3,2-0,0-2,1-1,0-2,0-4,0-2,0-4,,,,,,,,,,,,,,,,,,,
Charlotte Hornets,CLH,2017,3-1,0-4,3-1,1-2,,0-4,2-0,2-0,1-3,0-2,0-2,2-2,0-2,2-0,1-1,2-2,1-2,1-1,0-2,1-2,2-0,4-0,1-2,1-1,1-1,1-1,0-2,2-2,1-1,1-3,,,,,,,,,,,,,,,,,,,
Chicago Bulls,CHI,2017,1-3,2-2,3-1,,2-1,4-0,0-2,0-2,2-2,1-1,0-2,2-2,0-2,1-1,1-1,2-1,1-3,0-2,2-0,0-3,1-1,3-1,3-1,1-1,1-1,2-0,1-1,2-1,2-0,1-3,,,,,,,,,,,,,,,,,,,
Cleveland Cavaliers,CLE,2017,1-3,3-1,3-0,0-4,4-0,,1-1,1-1,2-2,1-1,1-1,3-1,0-2,2-0,1-1,1-3,3-1,2-0,1-1,4-0,1-1,3-0,3-0,2-0,1-1,1-1,0-2,3-1,1-1,2-1,,,,,,,,,,,,,,,,,,,
Dallas Mavericks,DAL,2017,0-2,0-2,2-0,2-0,0-2,1-1,,1-3,0-2,0-3,0-4,1-1,2-2,4-0,2-2,1-1,2-0,1-2,2-2,1-1,1-2,1-1,1-1,1-3,2-2,1-2,1-3,0-2,1-3,2-0,,,,,,,,,,,,,,,,,,,
Denver Nuggets,DEN,2017,0-2,2-0,1-1,2-0,0-2,1-1,3-1,,0-2,1-2,0-4,2-0,3-1,2-1,0-3,1-1,2-0,2-2,3-1,2-0,1-3,2-0,1-1,4-0,1-3,2-2,0-3,0-2,2-2,0-2,,,,,,,,,,,,,,,,,,,
Detroit Pistons,DET,2017,2-1,1-3,1-2,2-2,3-1,2-2,2-0,2-0,,0-2,1-1,0-4,1-1,2-0,1-1,2-2,1-3,2-0,1-1,2-2,1-1,1-3,2-1,1-1,2-0,0-2,0-2,1-3,0-2,1-2,,,,,,,,,,,,,,,,,,,
Golden State Warriors,GOL,2017,2-0,1-1,2-0,1-1,2-0,1-1,3-0,2-1,2-0,,3-1,2-0,4-0,3-1,2-2,1-1,2-0,3-1,4-0,2-0,4-0,2-0,2-0,4-0,4-0,3-1,1-2,2-0,2-1,1-1,,,,,,,,,,,,,,,,,,,
Houston Rockets,HOU,2017,0-2,1-1,2-0,2-0,2-0,1-1,4-0,4-0,1-1,1-3,,0-2,2-1,2-1,2-2,0-2,1-1,3-1,3-1,2-0,3-1,2-0,2-0,4-0,2-1,4-0,1-3,1-1,1-2,2-0,,,,,,,,,,,,,,,,,,,
Indiana Pacers,IND,2017,2-1,0-3,3-1,2-2,2-2,1-3,1-1,0-2,4-0,0-2,2-0,,2-0,1-1,1-1,1-2,1-3,1-1,1-1,1-3,2-0,4-0,3-1,1-1,1-1,2-0,0-2,1-2,1-1,1-3,,,,,,,,,,,,,,,,,,,
Los Angeles Clippers,LAC,2017,2-0,1-1,1-1,2-0,2-0,2-0,2-2,1-3,1-1,0-4,1-2,0-2,,3-1,3-1,2-0,0-2,1-2,2-1,2-0,2-2,2-0,1-1,4-0,3-0,3-1,3-1,1-1,3-1,1-1,,,,,,,,,,,,,,,,,,,
Los Angeles Lakers,LOS,2017,2-0,0-2,1-1,1-1,0-2,0-2,0-4,1-2,0-2,1-3,1-2,1-1,1-3,,2-1,1-1,1-1,2-2,2-2,1-1,1-2,1-1,1-1,2-2,0-4,2-2,1-3,0-2,0-4,0-2,,,,,,,,,,,,,,,,,,,
Memphis Grizzlies,MEM,2017,1-1,0-2,1-1,1-1,1-1,1-1,2-2,3-0,1-1,2-2,2-2,1-1,1-3,1-2,,1-1,1-1,3-1,2-2,1-1,1-3,1-1,2-0,3-0,1-2,2-2,2-2,1-1,3-1,1-1,,,,,,,,,,,,,,,,,,,
Miami Heat,MIA,2017,2-2,0-4,3-0,1-2,2-2,3-1,1-1,1-1,2-2,1-1,2-0,2-1,0-2,1-1,1-1,,3-1,2-0,1-1,1-2,0-2,1-3,2-2,1-1,0-2,2-0,0-2,1-3,1-1,4-0,,,,,,,,,,,,,,,,,,,
Milwaukee Bucks,MIL,2017,1-3,1-2,4-0,3-1,2-1,1-3,0-2,0-2,3-1,0-2,1-1,3-1,2-0,1-1,1-1,1-3,,1-1,1-1,2-1,1-1,2-1,2-2,2-0,2-0,2-0,1-1,1-3,0-2,1-3,,,,,,,,,,,,,,,,,,,
Minnesota Timberwolves,MIN,2017,2-0,0-2,1-1,2-0,1-1,0-2,2-1,2-2,0-2,1-3,1-3,1-1,2-1,2-2,1-3,0-2,1-1,,0-3,0-2,1-3,2-0,1-1,3-0,1-3,1-3,0-4,1-1,1-3,1-1,,,,,,,,,,,,,,,,,,,
New Orleans Pelicans,NOP,2017,1-1,1-1,1-1,0-2,2-0,1-1,2-2,1-3,1-1,0-4,1-3,1-1,1-2,2-2,2-2,1-1,1-1,3-0,,2-0,0-4,1-1,1-1,3-1,3-1,1-2,1-3,0-2,0-3,0-2,,,,,,,,,,,,,,,,,,,
New York Knicks,NYK,2017,1-3,1-3,2-2,3-0,2-1,0-4,1-1,0-2,2-2,0-2,0-2,3-1,0-2,1-1,1-1,2-1,1-2,2-0,0-2,,0-2,3-1,2-2,0-2,1-1,2-0,1-1,0-4,0-2,0-4,,,,,,,,,,,,,,,,,,,
Oklahoma City Thunder,OKC,2017,1-1,2-0,2-0,1-1,0-2,1-1,2-1,3-1,1-1,0-4,1-3,0-2,2-2,2-1,3-1,2-0,1-1,3-1,4-0,2-0,,1-1,2-0,2-2,1-3,2-1,1-2,1-1,3-1,1-1,,,,,,,,,,,,,,,,,,,
Orlando Magic,ORL,2017,2-2,0-3,2-1,1-3,0-4,0-3,1-1,0-2,3-1,0-2,0-2,0-4,0-2,1-1,1-1,3-1,1-2,0-2,1-1,1-3,1-1,,3-1,1-1,1-1,1-1,1-1,2-2,0-2,2-2,,,,,,,,,,,,,,,,,,,
Philadelphia 76ers,PHI,2017,0-4,1-3,3-1,1-3,2-1,0-3,1-1,1-1,1-2,0-2,0-2,1-3,1-1,1-1,0-2,2-2,2-2,1-1,1-1,2-2,0-2,1-3,,1-1,1-1,1-1,0-2,1-3,0-2,2-1,,,,,,,,,,,,,,,,,,,
Phoenix Suns,PHO,2017,1-1,1-1,0-2,1-1,1-1,0-2,3-1,0-4,1-1,0-4,0-4,1-1,0-4,2-2,0-3,1-1,0-2,0-3,1-3,2-0,2-2,1-1,1-1,,1-3,1-3,1-2,2-0,0-3,0-2,,,,,,,,,,,,,,,,,,,
Portland Trail Blazers,PLB,2017,1-1,1-1,2-0,1-1,1-1,1-1,2-2,3-1,0-2,0-4,1-2,1-1,0-3,4-0,2-1,2-0,0-2,3-1,1-3,1-1,3-1,1-1,1-1,3-1,,2-1,2-2,0-2,2-2,0-2,,,,,,,,,,,,,,,,,,,
Sacramento Kings,SAC,2017,1-1,1-1,1-1,0-2,1-1,1-1,2-1,2-2,2-0,1-3,0-4,0-2,1-3,2-2,2-2,0-2,0-2,3-1,2-1,0-2,1-2,1-1,1-1,3-1,1-2,,0-4,2-0,1-3,0-2,,,,,,,,,,,,,,,,,,,
San Antonio Spurs,SAN,2017,1-1,2-0,2-0,1-1,2-0,2-0,3-1,3-0,2-0,2-1,3-1,2-0,1-3,3-1,2-2,2-0,1-1,4-0,3-1,1-1,2-1,1-1,2-0,2-1,2-2,4-0,,2-0,2-2,2-0,,,,,,,,,,,,,,,,,,,
Toronto Raptors,TOR,2017,1-2,3-1,4-0,1-2,2-2,1-3,2-0,2-0,3-1,0-2,1-1,2-1,1-1,2-0,1-1,3-1,3-1,1-1,2-0,4-0,1-1,2-2,3-1,0-2,2-0,0-2,0-2,,2-0,2-1,,,,,,,,,,,,,,,,,,,
Utah Jazz,UTA,2017,2-0,0-2,2-0,0-2,1-1,1-1,3-1,2-2,2-0,1-2,2-1,1-1,1-3,4-0,1-3,1-1,2-0,3-1,3-0,2-0,1-3,2-0,2-0,3-0,2-2,3-1,2-2,0-2,,2-0,,,,,,,,,,,,,,,,,,,
Washington Wizards,WAS,2017,3-1,2-2,4-0,3-1,3-1,1-2,0-2,2-0,2-1,1-1,0-2,3-1,1-1,2-0,1-1,0-4,3-1,1-1,2-0,4-0,1-1,2-2,1-2,2-0,2-0,2-0,0-2,1-2,0-2,,,,,,,,,,,,,,,,,,,,
Atlanta Hawks,ATL,2016,,3-1,2-1,4-0,3-1,0-3,2-0,2-0,3-1,0-2,2-0,2-2,1-1,2-0,2-0,1-3,1-2,0-2,2-0,2-2,1-1,2-2,3-0,1-1,2-0,1-1,0-2,1-3,1-1,2-2,,,,,,,,,,,,,,,,,,,
Boston Celtics,BOS,2016,1-3,,2-2,2-1,2-1,1-2,0-2,2-0,2-2,1-1,1-1,1-3,1-1,1-1,1-1,3-0,3-1,1-1,2-0,3-1,1-1,2-2,4-0,2-0,1-1,2-0,0-2,1-3,1-1,4-0,,,,,,,,,,,,,,,,,,,
Brooklyn Nets,BKN,2016,1-2,2-2,,1-2,0-4,1-3,0-2,2-0,1-3,0-2,2-0,1-3,0-2,0-2,0-2,1-3,0-3,0-2,0-2,2-2,1-1,0-4,2-2,2-0,0-2,1-1,0-2,0-4,1-1,0-3,,,,,,,,,,,,,,,,,,,
Charlotte Hornets,CLH,2016,1-3,1-2,4-0,3-1,,1-3,1-1,0-2,2-1,0-2,1-1,3-0,0-2,2-0,2-0,2-2,3-1,2-0,1-1,3-1,0-2,3-1,4-0,1-1,1-1,2-0,1-1,1-2,1-1,2-2,,,,,,,,,,,,,,,,,,,
Chicago Bulls,CHI,2016,0-4,1-2,2-1,,1-3,3-1,0-2,1-1,1-3,0-2,2-0,3-1,1-1,2-0,1-1,0-4,3-1,0-2,2-0,1-3,2-0,1-2,4-0,1-1,1-1,2-0,1-1,4-0,1-1,1-2,,,,,,,,,,,,,,,,,,,
Cleveland Cavaliers,CLE,2016,3-0,2-1,3-1,1-3,3-1,,2-0,2-0,1-3,0-2,1-1,3-1,2-0,2-0,1-1,1-2,3-1,2-0,1-1,4-0,2-0,4-0,4-0,2-0,1-1,2-0,1-1,1-2,1-1,2-2,,,,,,,,,,,,,,,,,,,
Dallas Mavericks,DAL,2016,0-2,2-0,2-0,2-0,1-1,0-2,,3-1,1-1,1-3,2-2,0-2,1-3,3-0,3-1,0-2,1-1,4-0,2-2,2-0,0-4,1-1,2-0,3-0,2-1,1-3,0-4,0-2,2-1,1-1,,,,,,,,,,,,,,,,,,,
Denver Nuggets,DEN,2016,0-2,0-2,0-2,1-1,2-0,0-2,1-3,,2-0,1-3,3-0,1-1,1-2,3-1,1-3,0-2,1-1,3-1,1-2,2-0,0-4,0-2,2-0,2-2,1-3,0-3,1-3,2-0,0-4,2-0,,,,,,,,,,,,,,,,,,,
Detroit Pistons,DET,2016,1-3,2-2,3-1,3-1,1-2,3-1,1-1,0-2,,1-1,2-0,1-3,0-2,1-1,0-2,2-2,3-1,2-0,0-2,1-2,1-1,3-0,4-0,2-0,2-0,1-1,0-2,1-2,2-0,1-3,,,,,,,,,,,,,,,,,,,
Golden State Warriors,GOL,2016,2-0,1-1,2-0,2-0,2-0,2-0,3-1,3-1,1-1,,3-0,2-0,4-0,3-1,4-0,2-0,1-1,2-1,3-0,2-0,3-0,2-0,2-0,4-0,3-1,4-0,3-1,2-0,4-0,2-0,,,,,,,,,,,,,,,,,,,
Houston Rockets,HOU,2016,0-2,1-1,0-2,0-2,1-1,1-1,2-2,0-3,0-2,0-3,,1-1,2-2,4-0,2-2,1-1,1-1,3-0,3-1,1-1,2-2,1-1,2-0,2-1,2-2,3-1,1-3,2-0,2-2,1-1,,,,,,,,,,,,,,,,,,,
Indiana Pacers,IND,2016,2-2,3-1,3-1,1-3,0-3,1-3,2-0,1-1,3-1,0-2,1-1,,1-1,2-0,0-2,2-2,3-1,2-0,2-0,3-0,1-1,3-1,3-0,2-0,0-2,0-2,1-1,1-3,0-2,2-1,,,,,,,,,,,,,,,,,,,
Los Angeles Clippers,LAC,2016,1-1,1-1,2-0,1-1,2-0,0-2,3-1,2-1,2-0,0-4,2-2,1-1,,4-0,2-1,2-0,2-0,3-1,3-1,2-0,1-3,2-0,2-0,2-2,3-1,3-1,1-2,0-2,2-1,2-0,,,,,,,,,,,,,,,,,,,
Los Angeles Lakers,LOS,2016,0-2,1-1,2-0,0-2,0-2,0-2,0-3,1-3,1-1,1-3,0-4,0-2,0-4,,1-3,1-1,1-1,1-2,2-1,0-2,0-4,1-1,1-1,1-3,0-3,0-4,0-4,0-2,1-3,1-1,,,,,,,,,,,,,,,,,,,
Memphis Grizzlies,MEM,2016,0-2,1-1,2-0,1-1,0-2,1-1,1-3,3-1,2-0,0-4,2-2,2-0,1-2,3-1,,1-1,1-1,2-2,4-0,2-0,1-2,1-1,2-0,2-2,2-2,3-0,0-4,0-2,1-2,1-1,,,,,,,,,,,,,,,,,,,
Miami Heat,MIA,2016,3-1,0-3,3-1,4-0,2-2,2-1,2-0,2-0,2-2,0-2,1-1,2-2,0-2,1-1,1-1,,1-2,1-1,2-0,3-1,1-1,3-1,3-0,2-0,1-1,2-0,0-2,1-3,1-1,2-2,,,,,,,,,,,,,,,,,,,
Milwaukee Bucks,MIL,2016,2-1,1-3,3-0,1-3,1-3,1-3,1-1,1-1,1-3,1-1,1-1,1-3,0-2,1-1,1-1,2-1,,2-0,1-1,2-2,0-2,2-2,3-0,2-0,1-1,0-2,0-2,0-4,0-2,1-3,,,,,,,,,,,,,,,,,,,
Minnesota Timberwolves,MIN,2016,2-0,1-1,2-0,2-0,0-2,0-2,0-4,1-3,0-2,1-2,0-3,0-2,1-3,2-1,2-2,1-1,0-2,,2-2,0-2,1-3,0-2,1-1,2-2,1-3,4-0,0-3,1-1,1-3,1-1,,,,,,,,,,,,,,,,,,,
New Orleans Pelicans,NOP,2016,0-2,0-2,2-0,0-2,1-1,1-1,2-2,2-1,2-0,0-3,1-3,0-2,1-3,1-2,0-4,0-2,1-1,2-2,,1-1,1-2,0-2,1-1,2-2,1-3,4-0,1-3,0-2,2-2,1-1,,,,,,,,,,,,,,,,,,,
New York Knicks,NYK,2016,2-2,1-3,2-2,3-1,1-3,0-4,0-2,0-2,2-1,0-2,1-1,0-3,0-2,2-0,0-2,1-3,2-2,2-0,1-1,,1-1,1-2,4-0,2-0,1-1,0-2,0-2,1-3,1-1,1-2,,,,,,,,,,,,,,,,,,,
Oklahoma City Thunder,OKC,2016,1-1,1-1,1-1,0-2,2-0,0-2,4-0,4-0,1-1,0-3,2-2,1-1,3-1,4-0,2-1,1-1,2-0,3-1,2-1,1-1,,2-0,2-0,3-0,2-2,2-2,2-2,1-1,4-0,2-0,,,,,,,,,,,,,,,,,,,
Orlando Magic,ORL,2016,2-2,2-2,4-0,2-1,1-3,0-4,1-1,2-0,0-3,0-2,1-1,1-3,0-2,1-1,1-1,1-3,2-2,2-0,2-0,2-1,0-2,,3-1,0-2,1-1,1-1,0-2,1-2,2-0,0-4,,,,,,,,,,,,,,,,,,,
Philadelphia 76ers,PHI,2016,0-3,0-4,2-2,0-4,0-4,0-4,0-2,0-2,0-4,0-2,0-2,0-3,0-2,1-1,0-2,0-3,0-3,1-1,1-1,0-4,0-2,1-3,,2-0,1-1,1-1,0-2,0-4,0-2,0-4,,,,,,,,,,,,,,,,,,,
Phoenix Suns,PHO,2016,1-1,0-2,0-2,1-1,1-1,0-2,0-3,2-2,0-2,0-4,1-2,0-2,2-2,3-1,2-2,0-2,0-2,2-2,2-2,0-2,0-3,2-0,0-2,,2-1,1-3,0-4,1-1,0-4,0-2,,,,,,,,,,,,,,,,,,,
Portland Trail Blazers,PLB,2016,0-2,1-1,2-0,1-1,1-1,1-1,1-2,3-1,0-2,1-3,2-2,2-0,1-3,3-0,2-2,1-1,1-1,3-1,3-1,1-1,2-2,1-1,1-1,1-2,,4-0,0-3,0-2,3-1,2-0,,,,,,,,,,,,,,,,,,,
Sacramento Kings,SAC,2016,1-1,0-2,1-1,0-2,0-2,0-2,3-1,3-0,1-1,0-4,1-3,2-0,1-3,4-0,0-3,0-2,2-0,0-4,0-4,2-0,2-2,1-1,1-1,3-1,0-4,,0-3,2-0,2-1,1-1,,,,,,,,,,,,,,,,,,,
San Antonio Spurs,SAN,2016,2-0,2-0,2-0,1-1,1-1,1-1,4-0,3-1,2-0,1-3,3-1,1-1,2-1,4-0,4-0,2-0,2-0,3-0,3-1,2-0,2-2,2-0,2-0,4-0,3-0,3-0,,1-1,4-0,1-1,,,,,,,,,,,,,,,,,,,
Toronto Raptors,TOR,2016,3-1,3-1,4-0,0-4,2-1,2-1,2-0,0-2,2-1,0-2,0-2,3-1,2-0,2-0,2-0,3-1,4-0,1-1,2-0,3-1,1-1,2-1,4-0,1-1,2-0,0-2,1-1,,1-1,4-0,,,,,,,,,,,,,,,,,,,
Utah Jazz,UTA,2016,1-1,1-1,1-1,1-1,1-1,1-1,1-2,4-0,0-2,0-4,2-2,2-0,1-2,3-1,2-1,1-1,2-0,3-1,2-2,1-1,0-4,0-2,2-0,4-0,1-3,1-2,0-4,1-1,,1-1,,,,,,,,,,,,,,,,,,,
Washington Wizards,WAS,2016,2-2,0-4,3-0,2-1,2-2,2-2,1-1,0-2,3-1,0-2,1-1,1-2,0-2,1-1,1-1,2-2,3-1,1-1,1-1,2-1,0-2,4-0,4-0,2-0,0-2,1-1,1-1,0-4,1-1,,,,,,,,,,,,,,,,,,,,
Atlanta Hawks,ATL,2015,,2-1,4-0,2-1,2-2,3-1,2-0,1-1,3-1,1-1,2-0,3-0,2-0,1-1,1-1,4-0,3-1,2-0,1-1,2-1,1-1,3-1,3-1,2-0,2-0,2-0,0-2,1-3,2-0,3-1,,,,,,,,,,,,,,,,,,,
Boston Celtics,BOS,2015,1-2,,3-1,1-3,2-2,2-2,0-2,2-0,2-1,0-2,0-2,3-1,0-2,1-1,1-1,1-3,1-2,1-1,2-0,3-1,0-2,2-2,4-0,1-1,1-1,1-1,0-2,2-2,2-0,1-2,,,,,,,,,,,,,,,,,,,
Brooklyn Nets,BKN,2015,0-4,1-3,,1-3,2-1,1-3,1-1,2-0,2-1,1-1,0-2,2-1,1-1,2-0,0-2,0-4,1-3,1-1,0-2,4-0,2-0,3-0,3-1,0-2,1-1,2-0,1-1,2-2,0-2,2-2,,,,,,,,,,,,,,,,,,,
Charlotte Hornets,CLH,2015,2-2,2-2,1-2,2-2,,0-3,0-2,2-0,2-2,0-2,0-2,1-3,0-2,1-1,0-2,2-2,2-1,2-0,1-1,3-1,0-2,2-2,2-1,1-1,0-2,0-2,0-2,2-2,1-1,2-2,,,,,,,,,,,,,,,,,,,
Chicago Bulls,CHI,2015,1-2,3-1,3-1,,2-2,1-3,1-1,1-1,2-2,1-1,1-1,2-2,1-1,1-1,1-1,2-1,3-1,2-0,2-0,3-0,1-1,2-2,3-0,1-1,1-1,1-1,1-1,4-0,1-1,2-2,,,,,,,,,,,,,,,,,,,
Cleveland Cavaliers,CLE,2015,1-3,2-2,3-1,3-1,3-0,,1-1,1-1,3-1,1-1,0-2,2-2,2-0,2-0,2-0,2-2,3-1,2-0,1-1,2-1,1-1,3-0,2-1,1-1,1-1,1-1,1-1,3-1,1-1,3-1,,,,,,,,,,,,,,,,,,,
Dallas Mavericks,DAL,2015,0-2,2-0,1-1,1-1,2-0,1-1,,2-1,1-1,0-4,1-3,0-2,1-2,4-0,1-3,1-1,2-0,3-0,3-1,2-0,3-1,2-0,2-0,1-3,2-2,3-0,2-2,2-0,3-1,2-0,,,,,,,,,,,,,,,,,,,
Denver Nuggets,DEN,2015,1-1,0-2,0-2,1-1,0-2,1-1,1-2,,1-1,1-2,0-4,2-0,1-3,3-1,1-2,1-1,1-1,3-1,3-1,1-1,1-3,2-0,0-2,1-2,0-4,2-2,0-4,0-2,2-2,0-2,,,,,,,,,,,,,,,,,,,
Detroit Pistons,DET,2015,1-3,1-2,1-2,2-2,2-2,1-3,1-1,1-1,,0-2,1-1,2-2,0-2,0-2,1-1,2-1,1-3,0-2,0-2,3-1,1-1,3-1,1-3,1-1,0-2,2-0,1-1,2-2,0-2,1-2,,,,,,,,,,,,,,,,,,,
Golden State Warriors,GOL,2015,1-1,2-0,1-1,1-1,2-0,1-1,4-0,2-1,2-0,,4-0,1-1,3-1,3-1,2-1,2-0,2-0,4-0,3-1,2-0,3-1,2-0,2-0,3-1,3-0,4-0,1-2,2-0,3-1,2-0,,,,,,,,,,,,,,,,,,,
Houston Rockets,HOU,2015,0-2,2-0,2-0,1-1,2-0,2-0,3-1,4-0,1-1,0-4,,2-0,2-2,2-1,2-2,2-0,2-0,4-0,2-2,2-0,3-0,1-1,2-0,3-1,1-2,3-0,1-3,1-1,3-1,1-1,,,,,,,,,,,,,,,,,,,
Indiana Pacers,IND,2015,0-3,1-3,1-2,2-2,3-1,2-2,2-0,0-2,2-2,1-1,0-2,,0-2,1-1,0-2,3-1,2-2,1-1,2-0,4-0,1-1,3-0,3-1,0-2,0-2,0-2,0-2,0-3,2-0,2-2,,,,,,,,,,,,,,,,,,,
Los Angeles Clippers,LAC,2015,0-2,2-0,1-1,1-1,2-0,0-2,2-1,3-1,2-0,1-3,2-2,2-0,,4-0,2-2,1-1,1-1,3-0,2-1,2-0,2-1,2-0,2-0,4-0,3-1,3-1,2-2,0-2,4-0,1-1,,,,,,,,,,,,,,,,,,,
Los Angeles Lakers,LOS,2015,1-1,1-1,0-2,1-1,1-1,0-2,0-4,1-3,2-0,1-3,1-2,1-1,0-4,,0-4,0-2,1-1,3-1,0-4,0-2,0-3,1-1,2-0,0-4,0-4,1-3,1-2,1-1,1-2,0-2,,,,,,,,,,,,,,,,,,,
Memphis Grizzlies,MEM,2015,1-1,1-1,2-0,1-1,2-0,0-2,3-1,2-1,1-1,1-2,2-2,2-0,2-2,4-0,,2-0,1-1,2-1,2-2,2-0,3-1,2-0,2-0,3-0,4-0,3-1,2-2,1-1,2-2,0-2,,,,,,,,,,,,,,,,,,,
Miami Heat,MIA,2015,0-4,3-1,4-0,1-2,2-2,2-2,1-1,1-1,1-2,0-2,0-2,1-3,1-1,2-0,0-2,,0-4,1-1,0-2,3-0,0-2,3-1,3-1,2-0,1-1,2-0,0-2,1-2,1-1,1-3,,,,,,,,,,,,,,,,,,,
Milwaukee Bucks,MIL,2015,1-3,2-1,3-1,1-3,1-2,1-3,0-2,1-1,3-1,0-2,0-2,2-2,1-1,1-1,1-1,4-0,,2-0,0-2,4-0,1-1,2-2,4-0,1-1,1-1,2-0,0-2,1-2,0-2,1-2,,,,,,,,,,,,,,,,,,,
Minnesota Timberwolves,MIN,2015,0-2,1-1,1-1,0-2,0-2,0-2,0-3,1-3,2-0,0-4,0-4,1-1,0-3,1-3,1-2,1-1,0-2,,0-4,2-0,0-4,0-2,0-2,1-3,2-2,0-3,0-4,0-2,1-3,1-1,,,,,,,,,,,,,,,,,,,
New Orleans Pelicans,NOP,2015,1-1,0-2,2-0,0-2,1-1,1-1,1-3,1-3,2-0,1-3,2-2,0-2,1-2,4-0,2-2,2-0,2-0,4-0,,1-1,3-1,1-1,1-1,2-1,0-3,3-1,3-1,2-0,2-1,0-2,,,,,,,,,,,,,,,,,,,
New York Knicks,NYK,2015,1-2,1-3,0-4,0-3,1-3,1-2,0-2,1-1,1-3,0-2,0-2,0-4,0-2,2-0,0-2,0-3,0-4,0-2,1-1,,1-1,2-2,3-1,0-2,0-2,0-2,1-1,1-3,0-2,0-4,,,,,,,,,,,,,,,,,,,
Oklahoma City Thunder,OKC,2015,1-1,2-0,0-2,1-1,2-0,1-1,1-3,3-1,1-1,1-3,0-3,1-1,1-2,3-0,1-3,2-0,1-1,4-0,1-3,1-1,,2-0,2-0,3-1,1-3,3-1,1-2,1-1,2-2,2-0,,,,,,,,,,,,,,,,,,,
Orlando Magic,ORL,2015,1-3,2-2,0-3,2-2,2-2,0-3,0-2,0-2,1-3,0-2,1-1,0-3,0-2,1-1,0-2,1-3,2-2,2-0,1-1,2-2,0-2,,2-1,1-1,1-1,2-0,0-2,0-4,1-1,0-4,,,,,,,,,,,,,,,,,,,
Philadelphia 76ers,PHI,2015,1-3,0-4,1-3,0-3,1-2,1-2,0-2,2-0,3-1,0-2,0-2,1-3,0-2,0-2,0-2,1-3,0-4,2-0,1-1,1-3,0-2,1-2,,0-2,0-2,1-1,0-2,0-4,0-2,1-3,,,,,,,,,,,,,,,,,,,
Phoenix Suns,PHO,2015,0-2,1-1,2-0,1-1,1-1,1-1,3-1,2-1,1-1,1-3,1-3,2-0,0-4,4-0,0-3,0-2,1-1,3-1,1-2,2-0,1-3,1-1,2-0,,1-3,1-3,1-3,1-1,2-1,2-0,,,,,,,,,,,,,,,,,,,
Portland Trail Blazers,PLB,2015,0-2,1-1,1-1,1-1,2-0,1-1,2-2,4-0,2-0,0-3,2-1,2-0,1-3,4-0,0-4,1-1,1-1,2-2,3-0,2-0,3-1,1-1,2-0,3-1,,2-1,3-1,2-0,2-2,1-1,,,,,,,,,,,,,,,,,,,
Sacramento Kings,SAC,2015,0-2,1-1,0-2,1-1,2-0,1-1,0-3,2-2,0-2,0-4,0-3,2-0,1-3,3-1,1-3,0-2,0-2,3-0,1-3,2-0,1-3,0-2,1-1,3-1,1-2,,1-3,0-2,1-3,1-1,,,,,,,,,,,,,,,,,,,
San Antonio Spurs,SAN,2015,2-0,2-0,1-1,1-1,2-0,1-1,2-2,4-0,1-1,2-1,3-1,2-0,2-2,2-1,2-2,2-0,2-0,4-0,1-3,1-1,2-1,2-0,2-0,3-1,1-3,3-1,,1-1,1-2,1-1,,,,,,,,,,,,,,,,,,,
Toronto Raptors,TOR,2015,3-1,2-2,2-2,0-4,2-2,1-3,0-2,2-0,2-2,0-2,1-1,3-0,2-0,1-1,1-1,2-1,2-1,2-0,0-2,3-1,1-1,4-0,4-0,1-1,0-2,2-0,1-1,,2-0,3-0,,,,,,,,,,,,,,,,,,,
Utah Jazz,UTA,2015,0-2,0-2,2-0,1-1,1-1,1-1,1-3,2-2,2-0,1-3,1-3,0-2,0-4,2-1,2-2,1-1,2-0,3-1,1-2,2-0,2-2,1-1,2-0,1-2,2-2,3-1,2-1,0-2,,0-2,,,,,,,,,,,,,,,,,,,
Washington Wizards,WAS,2015,1-3,2-1,2-2,2-2,2-2,1-3,0-2,2-0,2-1,0-2,1-1,2-2,1-1,2-0,2-0,3-1,2-1,1-1,2-0,4-0,0-2,4-0,3-1,0-2,1-1,1-1,1-1,0-3,2-0,,,,,,,,,,,,,,,,,,,,
Atlanta Hawks,ATL,2014,,2-2,1-2,3-1,0-4,3-0,1-1,1-1,2-2,0-2,1-1,2-2,1-1,1-1,0-2,2-2,3-0,1-1,0-2,2-2,0-2,2-2,3-0,0-2,0-2,2-0,0-2,2-2,2-0,1-3,,,,,,,,,,,,,,,,,,,
Boston Celtics,BOS,2014,2-2,,1-3,2-1,0-3,3-0,0-2,1-1,1-3,0-2,0-2,0-4,0-2,0-2,0-2,2-1,2-2,1-1,0-2,2-2,0-2,3-1,1-3,0-2,0-2,1-1,0-2,1-3,1-1,1-3,,,,,,,,,,,,,,,,,,,
Brooklyn Nets,BKN,2014,2-1,3-1,,2-2,1-2,2-2,2-0,1-1,1-3,1-1,1-1,0-4,1-1,1-1,2-0,4-0,3-0,1-1,1-1,1-3,1-1,2-2,3-1,2-0,0-2,1-1,1-1,2-2,2-0,0-3,,,,,,,,,,,,,,,,,,,
Charlotte Hornets,CLH,2014,1-3,1-2,2-2,,1-3,4-0,1-1,2-0,3-0,2-0,0-2,1-2,1-1,1-1,1-1,0-4,4-0,1-1,1-1,2-2,0-2,2-2,3-1,0-2,1-1,2-0,0-2,3-0,0-2,3-1,,,,,,,,,,,,,,,,,,,
Chicago Bulls,CHI,2014,4-0,3-0,2-1,3-1,,3-1,1-1,1-1,3-1,1-1,1-1,2-2,0-2,2-0,1-1,2-2,3-1,1-1,0-2,2-2,0-2,2-1,3-1,2-0,0-2,1-1,1-1,2-2,1-1,1-2,,,,,,,,,,,,,,,,,,,
Cleveland Cavaliers,CLE,2014,0-3,0-3,2-2,0-4,1-3,,0-2,2-0,3-1,1-1,0-2,1-3,1-1,1-1,1-1,0-3,2-2,1-1,0-2,2-2,1-1,4-0,3-1,1-1,0-2,1-1,0-2,1-2,2-0,2-2,,,,,,,,,,,,,,,,,,,
Dallas Mavericks,DAL,2014,1-1,2-0,0-2,1-1,1-1,2-0,,1-3,2-0,1-3,2-2,2-0,1-3,3-0,3-1,0-2,2-0,1-3,4-0,1-1,2-1,2-0,2-0,2-1,2-1,3-1,0-4,0-2,4-0,2-0,,,,,,,,,,,,,,,,,,,
Denver Nuggets,DEN,2014,1-1,1-1,1-1,0-2,1-1,0-2,3-1,,1-1,2-2,1-2,1-1,2-2,3-0,1-3,1-1,2-0,2-2,2-2,1-1,1-3,2-0,1-1,0-4,0-4,1-2,0-3,1-1,2-2,2-0,,,,,,,,,,,,,,,,,,,
Detroit Pistons,DET,2014,2-2,3-1,3-1,0-3,1-3,1-3,0-2,1-1,,0-2,0-2,1-3,0-2,0-2,0-2,1-3,3-1,0-2,0-2,2-1,0-2,1-2,3-1,1-1,0-2,2-0,1-1,0-3,1-1,2-2,,,,,,,,,,,,,,,,,,,
Golden State Warriors,GOL,2014,2-0,2-0,1-1,0-2,1-1,1-1,3-1,2-2,2-0,,1-2,1-1,2-2,3-1,2-2,1-1,2-0,2-1,3-0,1-1,1-2,2-0,2-0,2-2,2-2,4-0,0-4,1-1,4-0,1-1,,,,,,,,,,,,,,,,,,,
Houston Rockets,HOU,2014,1-1,2-0,1-1,2-0,1-1,2-0,2-2,2-1,2-0,2-1,,1-1,0-4,3-1,2-2,1-1,2-0,3-1,3-1,2-0,1-3,2-0,1-1,2-1,3-1,2-2,4-0,1-1,2-1,2-0,,,,,,,,,,,,,,,,,,,
Indiana Pacers,IND,2014,2-2,4-0,4-0,2-1,2-2,3-1,0-2,1-1,3-1,1-1,1-1,,2-0,2-0,1-1,2-2,4-0,1-1,2-0,2-1,1-1,3-1,3-0,0-2,1-1,2-0,1-1,2-2,2-0,2-1,,,,,,,,,,,,,,,,,,,
Los Angeles Clippers,LAC,2014,1-1,2-0,1-1,1-1,2-0,1-1,3-1,2-2,2-0,2-2,4-0,0-2,,3-1,1-2,0-2,2-0,4-0,3-1,2-0,2-2,1-1,2-0,3-1,1-2,4-0,1-2,2-0,3-0,2-0,,,,,,,,,,,,,,,,,,,
Los Angeles Lakers,LOS,2014,1-1,2-0,1-1,1-1,0-2,1-1,0-3,0-3,2-0,1-3,1-3,0-2,1-3,,1-3,0-2,0-2,1-3,1-2,1-1,1-3,1-1,1-1,1-3,1-2,3-1,1-3,1-1,2-2,0-2,,,,,,,,,,,,,,,,,,,
Memphis Grizzlies,MEM,2014,2-0,2-0,0-2,1-1,1-1,1-1,1-3,3-1,2-0,2-2,2-2,1-1,2-1,3-1,,1-1,2-0,2-2,1-3,2-0,1-3,2-0,2-0,4-0,2-1,3-0,0-4,0-2,3-0,2-0,,,,,,,,,,,,,,,,,,,
Miami Heat,MIA,2014,2-2,1-2,0-4,4-0,2-2,3-0,2-0,1-1,3-1,1-1,1-1,2-2,2-0,2-0,1-1,,3-0,1-1,1-1,3-1,1-1,4-0,1-2,2-0,2-0,1-1,1-1,4-0,1-1,2-2,,,,,,,,,,,,,,,,,,,
Milwaukee Bucks,MIL,2014,0-3,2-2,0-3,0-4,1-3,2-2,0-2,0-2,1-3,0-2,0-2,0-4,0-2,2-0,0-2,0-3,,0-2,0-2,1-3,0-2,2-2,2-1,0-2,0-2,0-2,0-2,0-4,1-1,1-3,,,,,,,,,,,,,,,,,,,
Minnesota Timberwolves,MIN,2014,1-1,1-1,1-1,1-1,1-1,1-1,3-1,2-2,2-0,1-2,1-3,1-1,0-4,3-1,2-2,1-1,2-0,,2-1,1-1,1-3,1-1,2-0,1-2,1-3,2-2,1-2,0-2,3-1,1-1,,,,,,,,,,,,,,,,,,,
New Orleans Pelicans,NOP,2014,2-0,2-0,1-1,1-1,2-0,2-0,0-4,2-2,2-0,0-3,1-3,0-2,1-3,2-1,3-1,1-1,2-0,1-2,,1-1,1-2,1-1,2-0,0-4,1-3,1-3,0-4,0-2,2-2,0-2,,,,,,,,,,,,,,,,,,,
New York Knicks,NYK,2014,2-2,2-2,3-1,2-2,2-2,2-2,1-1,1-1,1-2,1-1,0-2,1-2,0-2,1-1,0-2,1-3,3-1,1-1,1-1,,0-2,2-1,3-1,1-1,0-2,1-1,1-1,2-2,2-0,0-3,,,,,,,,,,,,,,,,,,,
Oklahoma City Thunder,OKC,2014,2-0,2-0,1-1,2-0,2-0,1-1,1-2,3-1,2-0,2-1,3-1,1-1,2-2,3-1,3-1,1-1,2-0,3-1,2-1,2-0,,1-1,2-0,1-2,2-2,4-0,4-0,1-1,3-1,1-1,,,,,,,,,,,,,,,,,,,
Orlando Magic,ORL,2014,2-2,1-3,2-2,2-2,1-2,0-4,0-2,0-2,2-1,0-2,0-2,1-3,1-1,1-1,0-2,0-4,2-2,1-1,1-1,1-2,1-1,,3-1,0-2,1-1,0-2,0-2,0-3,0-2,0-4,,,,,,,,,,,,,,,,,,,
Philadelphia 76ers,PHI,2014,0-3,3-1,1-3,1-3,1-3,1-3,0-2,1-1,1-3,0-2,1-1,0-3,0-2,1-1,0-2,2-1,1-2,0-2,0-2,1-3,0-2,1-3,,0-2,1-1,1-1,0-2,0-4,0-2,1-3,,,,,,,,,,,,,,,,,,,
Phoenix Suns,PHO,2014,2-0,2-0,0-2,2-0,0-2,1-1,1-2,4-0,1-1,2-2,1-2,2-0,1-3,3-1,0-4,0-2,2-0,2-1,4-0,1-1,2-1,2-0,2-0,,3-1,2-2,1-3,2-0,2-2,1-1,,,,,,,,,,,,,,,,,,,
Portland Trail Blazers,PLB,2014,2-0,2-0,2-0,1-1,2-0,2-0,1-2,4-0,2-0,2-2,1-3,1-1,2-1,2-1,1-2,0-2,2-0,3-1,3-1,2-0,2-2,1-1,1-1,1-3,,3-1,2-2,2-0,4-0,1-1,,,,,,,,,,,,,,,,,,,
Sacramento Kings,SAC,2014,0-2,1-1,1-1,0-2,1-1,1-1,1-3,2-1,0-2,0-4,2-2,0-2,0-4,1-3,0-3,1-1,2-0,2-2,3-1,1-1,0-4,2-0,1-1,2-2,1-3,,0-3,1-1,1-2,1-1,,,,,,,,,,,,,,,,,,,
San Antonio Spurs,SAN,2014,2-0,2-0,1-1,2-0,1-1,2-0,4-0,3-0,1-1,4-0,0-4,1-1,2-1,3-1,4-0,1-1,2-0,2-1,4-0,1-1,0-4,2-0,2-0,3-1,2-2,3-0,,2-0,4-0,2-0,,,,,,,,,,,,,,,,,,,
Toronto Raptors,TOR,2014,2-2,3-1,2-2,0-3,2-2,2-1,2-0,1-1,3-0,1-1,1-1,2-2,0-2,1-1,2-0,0-4,4-0,2-0,2-0,2-2,1-1,3-0,4-0,0-2,0-2,1-1,0-2,,2-0,3-1,,,,,,,,,,,,,,,,,,,
Utah Jazz,UTA,2014,0-2,1-1,0-2,2-0,1-1,0-2,0-4,2-2,1-1,0-4,1-2,0-2,0-3,2-2,0-3,1-1,1-1,1-3,2-2,0-2,1-3,2-0,2-0,2-2,0-4,2-1,0-4,0-2,,1-1,,,,,,,,,,,,,,,,,,,
Washington Wizards,WAS,2014,3-1,3-1,3-0,1-3,2-1,2-2,0-2,0-2,2-2,1-1,0-2,1-2,0-2,2-0,0-2,2-2,3-1,1-1,2-0,3-0,1-1,4-0,3-1,1-1,1-1,1-1,0-2,1-3,1-1,,,,,,,,,,,,,,,,,,,,
Atlanta Hawks,ATL,2013,,1-3,2-2,4-0,1-2,2-2,1-1,1-1,2-1,0-2,0-2,2-2,1-1,1-1,2-0,0-4,4-0,1-1,1-1,0-3,1-1,4-0,2-2,1-1,1-1,2-0,0-2,2-1,2-0,3-1,,,,,,,,,,,,,,,,,,,
Boston Celtics,BOS,2013,3-1,,1-3,2-2,2-2,2-2,1-1,1-1,1-2,1-1,1-1,2-0,1-1,1-1,0-2,1-3,1-3,1-1,0-2,1-3,1-1,3-0,2-2,2-0,1-1,1-1,0-2,3-1,2-0,3-0,,,,,,,,,,,,,,,,,,,
Brooklyn Nets,BKN,2013,2-2,3-1,,3-0,1-3,3-0,1-1,1-1,4-0,0-2,0-2,3-0,1-1,0-2,0-2,0-3,2-2,1-1,2-0,2-2,1-1,4-0,3-1,2-0,2-0,2-0,0-2,3-1,0-2,3-1,,,,,,,,,,,,,,,,,,,
Charlotte Hornets,CLH,2013,0-4,2-2,0-3,,1-2,1-2,1-1,0-2,1-3,0-2,0-2,1-3,0-2,0-2,0-2,0-4,2-2,2-0,0-2,1-2,0-2,3-1,1-3,0-2,0-2,0-2,0-2,2-2,0-2,3-1,,,,,,,,,,,,,,,,,,,
Chicago Bulls,CHI,2013,2-1,2-2,3-1,2-1,,3-1,1-1,0-2,3-1,2-0,0-2,1-3,0-2,1-1,0-2,2-2,2-2,2-0,1-1,4-0,0-2,4-0,3-0,1-1,0-2,1-1,0-2,1-2,2-0,2-2,,,,,,,,,,,,,,,,,,,
Cleveland Cavaliers,CLE,2013,2-2,2-2,0-3,2-1,1-3,,0-2,0-2,0-4,0-2,0-2,0-4,1-1,1-1,0-2,0-4,2-2,0-2,1-1,0-3,1-1,3-1,1-3,0-2,1-1,0-2,0-2,2-2,1-1,3-0,,,,,,,,,,,,,,,,,,,
Dallas Mavericks,DAL,2013,1-1,1-1,1-1,1-1,1-1,2-0,,1-2,2-0,1-2,3-1,0-2,1-2,1-3,1-3,0-2,1-1,2-2,3-1,1-1,0-4,2-0,1-1,3-1,3-1,4-0,0-4,1-1,1-2,2-0,,,,,,,,,,,,,,,,,,,
Denver Nuggets,DEN,2013,1-1,1-1,1-1,2-0,2-0,2-0,2-1,,2-0,3-1,4-0,2-0,2-1,3-1,3-1,0-2,2-0,2-2,2-1,1-1,3-1,1-1,1-1,2-1,3-1,4-0,2-2,1-1,3-1,0-2,,,,,,,,,,,,,,,,,,,
Detroit Pistons,DET,2013,1-2,2-1,0-4,3-1,1-3,4-0,0-2,0-2,,0-2,0-2,0-4,0-2,0-2,0-2,1-2,3-1,0-2,0-2,0-4,0-2,2-2,2-1,1-1,1-1,1-1,1-1,2-2,0-2,4-0,,,,,,,,,,,,,,,,,,,
Golden State Warriors,GOL,2013,2-0,1-1,2-0,2-0,0-2,2-0,2-1,1-3,2-0,,1-3,1-1,3-1,1-3,0-3,1-1,0-2,4-0,4-0,1-1,1-3,0-2,1-1,4-0,3-0,1-3,2-2,2-0,1-2,2-0,,,,,,,,,,,,,,,,,,,
Houston Rockets,HOU,2013,2-0,1-1,2-0,2-0,2-0,2-0,1-3,0-4,2-0,3-1,,0-2,1-2,2-2,1-3,0-2,1-1,2-1,3-1,2-0,1-2,2-0,1-1,2-2,2-2,2-1,1-3,1-1,3-1,1-1,,,,,,,,,,,,,,,,,,,
Indiana Pacers,IND,2013,2-2,0-2,0-3,3-1,3-1,4-0,2-0,0-2,4-0,1-1,2-0,,1-1,1-1,2-0,2-1,2-2,1-1,2-0,2-2,0-2,2-1,2-2,2-0,1-1,2-0,0-2,2-2,1-1,3-1,,,,,,,,,,,,,,,,,,,
Los Angeles Clippers,LAC,2013,1-1,1-1,1-1,2-0,2-0,1-1,2-1,1-2,2-0,1-3,2-1,1-1,,4-0,3-1,1-1,2-0,4-0,3-1,2-0,0-3,1-1,2-0,3-1,3-1,3-1,2-2,1-1,4-0,1-1,,,,,,,,,,,,,,,,,,,
Los Angeles Lakers,LOS,2013,1-1,1-1,2-0,2-0,1-1,1-1,3-1,1-3,2-0,3-1,2-2,1-1,0-4,,1-2,0-2,1-1,3-0,4-0,1-1,1-3,1-1,1-1,2-2,3-1,3-1,1-2,1-1,1-2,1-1,,,,,,,,,,,,,,,,,,,
Memphis Grizzlies,MEM,2013,0-2,2-0,2-0,2-0,2-0,2-0,3-1,1-3,2-0,3-0,3-1,0-2,1-3,2-1,,1-1,2-0,3-0,2-2,1-1,2-1,2-0,1-1,2-2,3-1,4-0,2-2,2-0,3-1,1-1,,,,,,,,,,,,,,,,,,,
Miami Heat,MIA,2013,4-0,3-1,3-0,4-0,2-2,4-0,2-0,2-0,2-1,1-1,2-0,1-2,1-1,2-0,1-1,,3-1,2-0,2-0,1-3,2-0,4-0,4-0,2-0,1-1,2-0,2-0,3-0,1-1,3-1,,,,,,,,,,,,,,,,,,,
Milwaukee Bucks,MIL,2013,0-4,3-1,2-2,2-2,2-2,2-2,1-1,0-2,1-3,2-0,1-1,2-2,0-2,1-1,0-2,1-3,,0-2,1-1,0-3,1-1,2-1,3-1,2-0,2-0,2-0,0-2,3-0,1-1,1-2,,,,,,,,,,,,,,,,,,,
Minnesota Timberwolves,MIN,2013,1-1,1-1,1-1,0-2,0-2,2-0,2-2,2-2,2-0,0-4,1-2,1-1,0-4,0-3,0-3,0-2,2-0,,3-1,0-2,2-2,1-1,2-0,3-1,0-4,2-1,2-2,0-2,0-4,1-1,,,,,,,,,,,,,,,,,,,
New Orleans Pelicans,NOP,2013,1-1,2-0,0-2,2-0,1-1,1-1,1-3,1-2,2-0,0-4,1-3,0-2,1-3,0-4,2-2,0-2,1-1,1-3,,0-2,0-4,1-1,1-1,2-1,2-1,2-1,1-3,0-2,1-3,0-2,,,,,,,,,,,,,,,,,,,
New York Knicks,NYK,2013,3-0,3-1,2-2,2-1,0-4,3-0,1-1,1-1,4-0,1-1,0-2,2-2,0-2,1-1,1-1,3-1,3-0,2-0,2-0,,1-1,4-0,3-1,2-0,0-2,1-1,2-0,2-2,2-0,3-1,,,,,,,,,,,,,,,,,,,
Oklahoma City Thunder,OKC,2013,1-1,1-1,1-1,2-0,2-0,1-1,4-0,1-3,2-0,3-1,2-1,2-0,3-0,3-1,1-2,0-2,1-1,2-2,4-0,1-1,,2-0,2-0,4-0,4-0,3-0,2-2,2-0,3-1,1-1,,,,,,,,,,,,,,,,,,,
Orlando Magic,ORL,2013,0-4,0-3,0-4,1-3,0-4,1-3,0-2,1-1,2-2,2-0,0-2,1-2,1-1,1-1,0-2,0-4,1-2,1-1,1-1,0-4,0-2,,2-1,2-0,1-1,0-2,0-2,0-4,0-2,2-2,,,,,,,,,,,,,,,,,,,
Philadelphia 76ers,PHI,2013,2-2,2-2,1-3,3-1,0-3,3-1,1-1,1-1,1-2,1-1,1-1,2-2,0-2,1-1,1-1,0-4,1-3,0-2,1-1,1-3,0-2,1-2,,1-1,1-1,2-0,0-2,3-1,1-1,2-1,,,,,,,,,,,,,,,,,,,
Phoenix Suns,PHO,2013,1-1,0-2,0-2,2-0,1-1,2-0,1-3,1-2,1-1,0-4,2-2,0-2,1-3,2-2,2-2,0-2,0-2,1-3,1-2,0-2,0-4,0-2,1-1,,2-1,2-2,1-2,0-2,1-3,0-2,,,,,,,,,,,,,,,,,,,
Portland Trail Blazers,PLB,2013,1-1,1-1,0-2,2-0,2-0,1-1,1-3,1-3,1-1,0-3,2-2,1-1,1-3,1-3,1-3,1-1,0-2,4-0,1-2,2-0,0-4,1-1,1-1,1-2,,2-2,2-1,1-1,1-3,0-2,,,,,,,,,,,,,,,,,,,
Sacramento Kings,SAC,2013,0-2,1-1,0-2,2-0,1-1,2-0,0-4,0-4,1-1,3-1,1-2,0-2,1-3,1-3,0-4,0-2,0-2,1-2,1-2,1-1,0-3,2-0,0-2,2-2,2-2,,0-4,2-0,2-2,2-0,,,,,,,,,,,,,,,,,,,
San Antonio Spurs,SAN,2013,2-0,2-0,2-0,2-0,2-0,2-0,4-0,2-2,1-1,2-2,3-1,2-0,2-2,2-1,2-2,0-2,2-0,2-2,3-1,0-2,2-2,2-0,2-0,2-1,1-2,4-0,,2-0,2-1,2-0,,,,,,,,,,,,,,,,,,,
Toronto Raptors,TOR,2013,1-2,1-3,1-3,2-2,2-1,2-2,1-1,1-1,2-2,0-2,1-1,2-2,1-1,1-1,0-2,0-3,0-3,2-0,2-0,2-2,0-2,4-0,1-3,2-0,1-1,0-2,0-2,,0-2,2-2,,,,,,,,,,,,,,,,,,,
Utah Jazz,UTA,2013,0-2,0-2,2-0,2-0,0-2,1-1,2-1,1-3,2-0,2-1,1-3,1-1,0-4,2-1,1-3,1-1,1-1,4-0,3-1,0-2,1-3,2-0,1-1,3-1,3-1,2-2,1-2,2-0,,2-0,,,,,,,,,,,,,,,,,,,
Washington Wizards,WAS,2013,1-3,0-3,1-3,1-3,2-2,0-3,0-2,2-0,0-4,0-2,1-1,1-3,1-1,1-1,1-1,1-3,2-1,1-1,2-0,1-3,1-1,2-2,1-2,2-0,2-0,0-2,0-2,2-2,0-2,,,,,,,,,,,,,,,,,,,,
Atlanta Hawks,ATL,2012,,1-2,4-0,1-3,3-0,1-0,0-1,3-1,0-1,0-1,2-1,1-1,0-1,0-1,1-3,2-1,1-0,4-0,1-0,1-2,1-0,3-0,0-3,1-1,1-1,1-0,0-1,3-1,1-0,3-0,,,,,,,,,,,,,,,,,,,
Boston Celtics,BOS,2012,2-1,,3-0,1-3,2-1,0-2,0-1,1-2,1-0,1-0,2-2,1-0,0-2,1-0,3-1,3-0,1-0,3-0,0-1,2-2,0-2,3-0,1-2,0-1,1-0,0-1,0-1,2-2,1-0,4-0,,,,,,,,,,,,,,,,,,,
Brooklyn Nets,BKN,2012,0-4,0-3,,0-3,0-3,0-1,0-1,0-4,1-0,0-2,0-3,0-1,0-1,0-1,0-3,1-2,0-2,0-4,1-1,1-3,0-1,1-3,0-3,0-1,0-1,0-1,0-1,2-1,0-1,0-4,,,,,,,,,,,,,,,,,,,
Charlotte Hornets,CLH,2012,3-1,3-1,3-0,,3-0,1-0,0-1,4-0,0-1,0-1,2-1,1-0,1-0,1-1,2-2,4-0,1-0,2-1,2-0,3-1,0-1,2-1,2-1,1-0,0-1,2-0,1-0,3-0,1-0,2-1,,,,,,,,,,,,,,,,,,,
Chicago Bulls,CHI,2012,0-3,1-2,3-0,0-3,,1-0,1-0,2-2,0-1,1-0,1-3,1-0,0-1,0-1,0-3,0-4,1-0,2-2,0-1,2-2,1-0,0-3,0-3,1-1,0-1,1-0,0-2,1-3,0-2,1-2,,,,,,,,,,,,,,,,,,,
Cleveland Cavaliers,CLE,2012,0-1,2-0,1-0,0-1,0-1,,3-1,1-0,2-1,3-0,0-1,1-2,0-4,1-2,0-2,1-0,1-2,0-1,2-1,1-1,1-3,1-0,1-0,3-1,2-1,2-1,2-2,1-0,3-1,1-0,,,,,,,,,,,,,,,,,,,
Dallas Mavericks,DAL,2012,1-0,1-0,1-0,1-0,0-1,1-3,,1-0,1-2,3-1,1-0,1-3,1-3,0-3,1-0,2-0,3-1,1-0,2-2,1-0,1-2,2-0,1-0,3-0,1-2,3-0,1-2,1-1,1-2,1-0,,,,,,,,,,,,,,,,,,,
Denver Nuggets,DEN,2012,1-3,2-1,4-0,0-4,2-2,0-1,0-1,,0-1,0-1,1-2,0-1,1-0,0-2,0-3,1-3,0-2,2-1,1-0,0-3,0-1,2-1,1-3,0-1,1-0,2-0,0-1,2-1,0-1,2-1,,,,,,,,,,,,,,,,,,,
Detroit Pistons,DET,2012,1-0,0-1,0-1,1-0,1-0,1-2,2-1,1-0,,1-2,0-2,2-2,0-4,0-4,1-0,0-1,2-1,0-2,1-2,1-0,0-3,0-1,0-2,2-1,1-3,3-1,0-3,0-1,1-3,1-0,,,,,,,,,,,,,,,,,,,
Golden State Warriors,GOL,2012,1-0,0-1,2-0,1-0,0-1,0-3,1-3,1-0,2-1,,0-1,0-3,2-1,2-2,0-1,0-1,1-3,1-0,2-1,1-0,2-2,0-1,1-0,2-2,3-0,3-0,2-2,1-1,1-2,2-0,,,,,,,,,,,,,,,,,,,
Houston Rockets,HOU,2012,1-2,2-2,3-0,1-2,3-1,1-0,0-1,2-1,2-0,1-0,,1-0,1-0,0-1,1-3,3-0,2-0,3-1,2-0,1-2,1-0,1-3,2-2,0-1,1-0,0-1,0-1,3-0,1-0,3-0,,,,,,,,,,,,,,,,,,,
Indiana Pacers,IND,2012,1-1,0-1,1-0,0-1,0-1,2-1,3-1,1-0,2-2,3-0,0-1,,1-2,2-1,1-0,1-0,1-3,1-1,2-1,0-1,3-1,1-0,1-0,1-3,3-1,3-0,1-2,1-0,2-1,2-0,,,,,,,,,,,,,,,,,,,
Los Angeles Clippers,LAC,2012,1-0,2-0,1-0,0-1,1-0,4-0,3-1,0-1,4-0,1-2,0-1,2-1,,2-1,1-1,0-1,4-0,1-0,3-0,1-1,1-2,0-1,0-1,2-2,2-1,1-2,1-2,1-0,2-2,0-1,,,,,,,,,,,,,,,,,,,
Los Angeles Lakers,LOS,2012,1-0,0-1,1-0,1-1,1-0,2-1,3-0,2-0,4-0,2-2,1-0,1-2,1-2,,1-0,1-0,4-0,1-0,3-1,1-0,1-3,1-0,1-0,1-2,1-2,2-1,0-4,1-1,1-2,1-0,,,,,,,,,,,,,,,,,,,
Memphis Grizzlies,MEM,2012,3-1,1-3,3-0,2-2,3-0,2-0,0-1,3-0,0-1,1-0,3-1,0-1,1-1,0-1,,1-2,1-0,3-0,1-0,3-0,1-1,2-2,4-0,1-0,1-0,1-0,1-0,3-0,0-1,1-2,,,,,,,,,,,,,,,,,,,
Miami Heat,MIA,2012,1-2,0-3,2-1,0-4,4-0,0-1,0-2,3-1,1-0,1-0,0-3,0-1,1-0,0-1,2-1,,1-0,3-0,0-1,2-2,0-1,0-4,1-2,0-2,2-0,0-1,1-0,3-0,0-1,3-1,,,,,,,,,,,,,,,,,,,
Milwaukee Bucks,MIL,2012,0-1,0-1,2-0,0-1,0-1,2-1,1-3,2-0,1-2,3-1,0-2,3-1,0-4,0-4,0-1,0-1,,1-0,1-2,0-1,0-3,0-1,1-0,1-2,2-1,2-2,2-1,0-1,1-2,1-0,,,,,,,,,,,,,,,,,,,
Minnesota Timberwolves,MIN,2012,0-4,0-3,4-0,1-2,2-2,1-0,0-1,1-2,2-0,0-1,1-3,1-1,0-1,0-1,0-3,0-3,0-1,,0-1,1-2,0-1,0-3,2-2,1-0,0-1,1-0,0-1,2-2,0-2,2-1,,,,,,,,,,,,,,,,,,,
New Orleans Pelicans,NOP,2012,0-1,1-0,1-1,0-2,1-0,1-2,2-2,0-1,2-1,1-2,0-2,1-2,0-3,1-3,0-1,1-0,2-1,1-0,,1-0,0-3,1-0,0-1,1-3,0-4,1-3,0-4,0-1,2-1,0-1,,,,,,,,,,,,,,,,,,,
New York Knicks,NYK,2012,2-1,2-2,3-1,1-3,2-2,1-1,0-1,3-0,0-1,0-1,2-1,1-0,1-1,0-1,0-3,2-2,1-0,2-1,0-1,,0-1,2-1,2-1,0-1,1-0,2-0,0-1,2-2,1-0,3-0,,,,,,,,,,,,,,,,,,,
Oklahoma City Thunder,OKC,2012,0-1,2-0,1-0,1-0,0-1,3-1,2-1,1-0,3-0,2-2,0-1,1-3,2-1,3-1,1-1,1-0,3-0,1-0,3-0,1-0,,2-0,1-0,3-0,3-1,3-1,1-2,1-0,2-1,0-1,,,,,,,,,,,,,,,,,,,
Orlando Magic,ORL,2012,0-3,0-3,3-1,1-2,3-0,0-1,0-2,1-2,1-0,1-0,3-1,0-1,1-0,0-1,2-2,4-0,1-0,3-0,0-1,1-2,0-2,,3-1,1-0,1-0,1-0,0-2,3-0,0-1,3-1,,,,,,,,,,,,,,,,,,,
Philadelphia 76ers,PHI,2012,3-0,2-1,3-0,1-2,3-0,0-1,0-1,3-1,2-0,0-1,2-2,0-1,1-0,0-1,0-4,2-1,0-1,2-2,1-0,1-2,0-1,1-3,,1-0,0-1,1-0,0-2,2-1,1-1,3-1,,,,,,,,,,,,,,,,,,,
Phoenix Suns,PHO,2012,1-1,1-0,1-0,0-1,1-1,1-3,0-3,1-0,1-2,2-2,1-0,3-1,2-2,2-1,0-1,2-0,2-1,0-1,3-1,1-0,0-3,0-1,0-1,,2-1,3-0,0-4,0-1,2-1,1-0,,,,,,,,,,,,,,,,,,,
Portland Trail Blazers,PLB,2012,1-1,0-1,1-0,1-0,1-0,1-2,2-1,0-1,3-1,0-3,0-1,1-3,1-2,2-1,0-1,0-2,1-2,1-0,4-0,0-1,1-3,0-1,1-0,1-2,,2-2,1-2,1-0,0-4,1-1,,,,,,,,,,,,,,,,,,,
Sacramento Kings,SAC,2012,0-1,1-0,1-0,0-2,0-1,1-2,0-3,0-2,1-3,0-3,1-0,0-3,2-1,1-2,0-1,1-0,2-2,0-1,3-1,0-2,1-3,0-1,0-1,0-3,2-2,,1-2,1-0,2-2,1-0,,,,,,,,,,,,,,,,,,,
San Antonio Spurs,SAN,2012,1-0,1-0,1-0,0-1,2-0,2-2,2-1,1-0,3-0,2-2,1-0,2-1,2-1,4-0,0-1,0-1,1-2,1-0,4-0,1-0,2-1,2-0,2-0,4-0,2-1,2-1,,1-0,3-1,1-0,,,,,,,,,,,,,,,,,,,
Toronto Raptors,TOR,2012,1-3,2-2,1-2,0-3,3-1,0-1,1-1,1-2,1-0,1-1,0-3,0-1,0-1,1-1,0-3,0-3,1-0,2-2,1-0,2-2,0-1,0-3,1-2,1-0,0-1,0-1,0-1,,1-0,2-2,,,,,,,,,,,,,,,,,,,
Utah Jazz,UTA,2012,0-1,0-1,1-0,0-1,2-0,1-3,2-1,1-0,3-1,2-1,0-1,1-2,2-2,2-1,1-0,1-0,2-1,2-0,1-2,0-1,1-2,1-0,1-1,1-2,4-0,2-2,1-3,0-1,,1-0,,,,,,,,,,,,,,,,,,,
Washington Wizards,WAS,2012,0-3,0-4,4-0,1-2,2-1,0-1,0-1,1-2,0-1,0-2,0-3,0-2,1-0,0-1,2-1,1-3,0-1,1-2,1-0,0-3,1-0,1-3,1-3,0-1,1-1,0-1,0-1,2-2,0-1,,,,,,,,,,,,,,,,,,,,
Atlanta Hawks,ATL,2011,,1-2,2-2,1-2,3-0,0-2,0-2,3-1,2-0,0-2,3-1,2-0,0-2,2-0,1-3,2-2,2-0,2-2,0-2,2-2,0-2,3-1,2-2,0-2,2-0,2-0,0-2,3-0,1-1,3-1,,,,,,,,,,,,,,,,,,,
Boston Celtics,BOS,2011,2-1,,2-2,2-2,2-1,0-2,1-1,3-1,2-0,0-2,3-1,1-1,1-1,1-1,3-1,3-0,2-0,3-1,1-1,4-0,1-1,2-1,3-1,1-1,2-0,2-0,2-0,3-1,2-0,2-2,,,,,,,,,,,,,,,,,,,
Brooklyn Nets,BKN,2011,2-2,2-2,,2-2,2-1,0-2,1-1,2-2,1-1,1-1,0-4,0-2,1-1,1-1,0-4,1-2,2-0,3-1,0-2,1-2,0-2,0-4,1-2,2-0,1-1,2-0,0-2,4-0,0-2,2-2,,,,,,,,,,,,,,,,,,,
Charlotte Hornets,CLH,2011,2-1,2-2,2-2,,4-0,2-0,1-1,4-0,1-1,2-0,3-1,1-1,1-1,2-0,3-0,4-0,2-0,3-1,2-0,1-2,1-1,3-1,1-2,2-0,1-1,2-0,1-1,3-1,2-0,4-0,,,,,,,,,,,,,,,,,,,
Chicago Bulls,CHI,2011,0-3,1-2,1-2,0-4,,0-2,0-2,2-2,0-2,0-2,0-4,1-1,1-1,1-1,1-3,1-3,0-2,1-3,0-2,3-1,0-2,0-4,2-2,0-2,0-2,1-1,0-2,1-2,0-2,2-2,,,,,,,,,,,,,,,,,,,
Cleveland Cavaliers,CLE,2011,2-0,2-0,2-0,0-2,2-0,,1-3,1-1,3-1,4-0,1-1,4-0,1-2,1-3,2-0,0-2,3-0,2-0,2-2,2-0,2-1,1-1,2-0,4-0,2-2,3-0,1-3,1-1,4-0,2-0,,,,,,,,,,,,,,,,,,,
Dallas Mavericks,DAL,2011,2-0,1-1,1-1,1-1,2-0,3-1,,2-0,2-1,2-2,1-1,2-2,2-1,2-1,1-1,2-0,4-0,1-1,1-2,1-1,1-3,1-1,0-2,3-1,2-2,3-1,1-3,2-0,2-2,2-0,,,,,,,,,,,,,,,,,,,
Denver Nuggets,DEN,2011,1-3,1-3,2-2,0-4,2-2,1-1,0-2,,1-1,0-2,2-2,1-1,0-2,0-2,0-4,3-1,0-2,2-2,1-1,1-2,0-2,1-2,2-1,1-1,0-2,2-0,0-2,3-1,1-1,2-1,,,,,,,,,,,,,,,,,,,
Detroit Pistons,DET,2011,0-2,0-2,1-1,1-1,2-0,1-3,1-2,1-1,,1-3,1-1,2-2,1-3,1-2,0-2,1-1,3-1,1-1,2-1,1-1,1-2,1-1,1-1,0-4,3-1,2-2,0-4,2-0,3-1,2-0,,,,,,,,,,,,,,,,,,,
Golden State Warriors,GOL,2011,2-0,2-0,1-1,0-2,2-0,0-4,2-2,2-0,3-1,,2-0,3-1,1-2,3-1,0-2,1-1,3-1,2-0,1-3,2-0,1-3,0-2,0-2,1-2,1-2,3-1,1-3,1-1,2-1,1-1,,,,,,,,,,,,,,,,,,,
Houston Rockets,HOU,2011,1-3,1-3,4-0,1-3,4-0,1-1,1-1,2-2,1-1,0-2,,1-1,1-1,0-2,1-2,2-2,1-1,3-0,1-1,2-2,0-2,0-3,2-2,0-2,1-1,1-1,0-2,2-1,0-2,3-1,,,,,,,,,,,,,,,,,,,
Indiana Pacers,IND,2011,0-2,1-1,2-0,1-1,1-1,0-4,2-2,1-1,2-2,1-3,1-1,,1-3,2-2,1-1,1-1,3-1,0-2,1-2,1-1,2-2,0-2,0-2,1-3,0-3,3-1,1-2,1-1,0-3,2-0,,,,,,,,,,,,,,,,,,,
Los Angeles Clippers,LAC,2011,2-0,1-1,1-1,1-1,1-1,2-1,1-2,2-0,3-1,2-1,1-1,3-1,,2-2,0-2,1-1,4-0,2-0,4-0,2-0,2-1,1-1,2-0,3-1,3-1,3-1,2-2,2-0,2-2,2-0,,,,,,,,,,,,,,,,,,,
Los Angeles Lakers,LOS,2011,0-2,1-1,1-1,0-2,1-1,3-1,1-2,2-0,2-1,1-3,2-0,2-2,2-2,,1-1,2-0,4-0,0-2,2-2,0-2,3-1,1-1,2-0,2-1,1-2,3-1,2-2,2-0,2-2,1-1,,,,,,,,,,,,,,,,,,,
Memphis Grizzlies,MEM,2011,3-1,1-3,4-0,0-3,3-1,0-2,1-1,4-0,2-0,2-0,2-1,1-1,2-0,1-1,,3-1,2-0,3-0,1-1,2-2,1-1,2-2,3-0,2-0,1-1,2-0,1-1,4-0,1-1,4-0,,,,,,,,,,,,,,,,,,,
Miami Heat,MIA,2011,2-2,0-3,2-1,0-4,3-1,2-0,0-2,1-3,1-1,1-1,2-2,1-1,1-1,0-2,1-3,,1-1,3-0,0-2,3-1,1-1,1-3,2-2,0-2,0-2,1-1,0-2,4-0,0-2,2-1,,,,,,,,,,,,,,,,,,,
Milwaukee Bucks,MIL,2011,0-2,0-2,0-2,0-2,2-0,0-3,0-4,2-0,1-3,1-3,1-1,1-3,0-4,0-4,0-2,1-1,,1-1,2-1,1-1,0-4,0-2,0-2,0-3,0-4,1-2,0-4,1-1,1-3,1-1,,,,,,,,,,,,,,,,,,,
Minnesota Timberwolves,MIN,2011,2-2,1-3,1-3,1-3,3-1,0-2,1-1,2-2,1-1,0-2,0-3,2-0,0-2,2-0,0-3,0-3,1-1,,1-1,0-4,0-2,0-4,0-4,0-2,1-1,1-1,0-2,2-2,1-1,1-2,,,,,,,,,,,,,,,,,,,
New Orleans Pelicans,NOP,2011,2-0,1-1,2-0,0-2,2-0,2-2,2-1,1-1,1-2,3-1,1-1,2-1,0-4,2-2,1-1,2-0,1-2,1-1,,0-2,1-3,2-0,1-1,3-1,3-1,3-1,2-2,1-1,2-2,2-0,,,,,,,,,,,,,,,,,,,
New York Knicks,NYK,2011,2-2,0-4,2-1,2-1,1-3,0-2,1-1,2-1,1-1,0-2,2-2,1-1,0-2,2-0,2-2,1-3,1-1,4-0,2-0,,1-1,1-3,2-2,1-1,1-1,1-1,1-1,4-0,1-1,3-0,,,,,,,,,,,,,,,,,,,
Oklahoma City Thunder,OKC,2011,2-0,1-1,2-0,1-1,2-0,1-2,3-1,2-0,2-1,3-1,2-0,2-2,1-2,1-3,1-1,1-1,4-0,2-0,3-1,1-1,,1-1,2-0,3-1,3-1,4-0,0-3,0-2,3-1,2-0,,,,,,,,,,,,,,,,,,,
Orlando Magic,ORL,2011,1-3,1-2,4-0,1-3,4-0,1-1,1-1,2-1,1-1,2-0,3-0,2-0,1-1,1-1,2-2,3-1,2-0,4-0,0-2,3-1,1-1,,3-1,2-0,0-2,1-1,1-1,1-2,0-2,4-0,,,,,,,,,,,,,,,,,,,
Philadelphia 76ers,PHI,2011,2-2,1-3,2-1,2-1,2-2,0-2,2-0,1-2,1-1,2-0,2-2,2-0,0-2,0-2,0-3,2-2,2-0,4-0,1-1,2-2,0-2,1-3,,2-0,1-1,1-1,1-1,2-2,1-1,2-2,,,,,,,,,,,,,,,,,,,
Phoenix Suns,PHO,2011,2-0,1-1,0-2,0-2,2-0,0-4,1-3,1-1,4-0,2-1,2-0,3-1,1-3,1-2,0-2,2-0,3-0,2-0,1-3,1-1,1-3,0-2,0-2,,1-3,1-3,1-3,2-0,3-0,2-0,,,,,,,,,,,,,,,,,,,
Portland Trail Blazers,PLB,2011,0-2,0-2,1-1,1-1,2-0,2-2,2-2,2-0,1-3,2-1,1-1,3-0,1-3,2-1,1-1,2-0,4-0,1-1,1-3,1-1,1-3,2-0,1-1,3-1,,2-1,3-1,2-0,3-1,1-1,,,,,,,,,,,,,,,,,,,
Sacramento Kings,SAC,2011,0-2,0-2,0-2,0-2,1-1,0-3,1-3,0-2,2-2,1-3,1-1,1-3,1-3,1-3,0-2,1-1,2-1,1-1,1-3,1-1,0-4,1-1,1-1,3-1,1-2,,0-3,1-1,1-3,1-1,,,,,,,,,,,,,,,,,,,
San Antonio Spurs,SAN,2011,2-0,0-2,2-0,1-1,2-0,3-1,3-1,2-0,4-0,3-1,2-0,2-1,2-2,2-2,1-1,2-0,4-0,2-0,2-2,1-1,3-0,1-1,1-1,3-1,1-3,3-0,,2-0,3-0,2-0,,,,,,,,,,,,,,,,,,,
Toronto Raptors,TOR,2011,0-3,1-3,0-4,1-3,2-1,1-1,0-2,1-3,0-2,1-1,1-2,1-1,0-2,0-2,0-4,0-4,1-1,2-2,1-1,0-4,2-0,2-1,2-2,0-2,0-2,1-1,0-2,,0-2,2-2,,,,,,,,,,,,,,,,,,,
Utah Jazz,UTA,2011,1-1,0-2,2-0,0-2,2-0,0-4,2-2,1-1,1-3,1-2,2-0,3-0,2-2,2-2,1-1,2-0,3-1,1-1,2-2,1-1,1-3,2-0,1-1,0-3,1-3,3-1,0-3,2-0,,0-2,,,,,,,,,,,,,,,,,,,
Washington Wizards,WAS,2011,1-3,2-2,2-2,0-4,2-2,0-2,0-2,1-2,0-2,1-1,1-3,0-2,0-2,1-1,0-4,1-2,1-1,2-1,0-2,0-3,0-2,0-4,2-2,0-2,1-1,1-1,0-2,2-2,2-0,,,,,,,,,,,,,,,,,,,,
Atlanta Hawks,ATL,2010,,4-0,2-2,3-1,1-3,1-1,1-1,2-2,1-1,2-0,3-0,2-0,1-1,2-0,1-3,2-1,2-0,3-0,1-1,1-3,0-2,1-3,2-1,1-1,2-0,2-0,1-1,3-1,2-0,4-0,,,,,,,,,,,,,,,,,,,
Boston Celtics,BOS,2010,0-4,,3-0,2-2,2-2,1-1,1-1,2-1,1-1,1-1,2-1,1-1,1-1,1-1,3-0,2-2,2-0,3-1,1-1,3-1,1-1,1-3,3-1,0-2,2-0,2-0,1-1,4-0,1-1,3-1,,,,,,,,,,,,,,,,,,,
Brooklyn Nets,BKN,2010,2-2,0-3,,1-3,3-1,0-2,1-1,2-1,2-0,1-1,1-2,1-1,1-1,2-0,3-1,2-2,2-0,2-2,1-1,2-2,1-1,1-3,3-1,2-0,0-2,2-0,1-1,1-2,0-2,4-0,,,,,,,,,,,,,,,,,,,
Charlotte Hornets,CLH,2010,1-3,2-2,3-1,,2-2,0-2,0-2,4-0,1-1,2-0,3-1,0-2,0-2,0-2,1-3,1-3,2-0,1-2,2-0,3-1,1-1,1-2,3-1,1-1,1-1,1-1,2-0,1-2,0-2,2-1,,,,,,,,,,,,,,,,,,,
Chicago Bulls,CHI,2010,3-1,2-2,1-3,2-2,,1-1,0-2,4-0,2-0,1-1,3-1,2-0,2-0,1-1,3-0,3-1,2-0,4-0,2-0,3-0,2-0,2-2,3-0,2-0,2-0,2-0,1-1,3-1,1-1,2-1,,,,,,,,,,,,,,,,,,,
Cleveland Cavaliers,CLE,2010,1-1,1-1,2-0,2-0,1-1,,2-1,2-0,3-1,2-2,2-0,3-0,2-2,3-1,2-0,2-0,3-1,2-0,2-2,1-1,2-2,1-1,1-1,2-1,1-3,4-0,3-1,1-1,1-2,1-1,,,,,,,,,,,,,,,,,,,
Dallas Mavericks,DAL,2010,1-1,1-1,1-1,2-0,2-0,1-2,,1-1,4-0,2-1,2-0,2-1,3-1,3-1,1-1,0-2,3-1,2-0,3-1,1-1,3-1,1-1,1-1,1-3,3-1,1-2,2-2,2-0,3-1,1-1,,,,,,,,,,,,,,,,,,,
Denver Nuggets,DEN,2010,2-2,1-2,1-2,0-4,0-4,0-2,1-1,,1-1,1-1,0-4,0-2,0-2,1-1,1-2,2-2,2-0,2-1,1-1,1-3,0-2,1-3,3-1,0-2,0-2,1-1,1-1,0-4,0-2,4-0,,,,,,,,,,,,,,,,,,,
Detroit Pistons,DET,2010,1-1,1-1,0-2,1-1,0-2,1-3,0-4,1-1,,0-3,1-1,2-2,0-4,2-2,0-2,0-2,3-0,2-0,1-3,2-0,1-3,0-2,0-2,1-3,2-2,2-2,0-3,2-0,0-3,0-2,,,,,,,,,,,,,,,,,,,
Golden State Warriors,GOL,2010,0-2,1-1,1-1,0-2,1-1,2-2,1-2,1-1,3-0,,0-2,2-1,1-3,4-0,0-2,2-0,3-0,2-0,1-3,2-0,3-1,0-2,1-1,0-4,2-2,2-2,2-2,1-1,2-2,2-0,,,,,,,,,,,,,,,,,,,
Houston Rockets,HOU,2010,0-3,1-2,2-1,1-3,1-3,0-2,0-2,4-0,1-1,2-0,,1-1,0-2,0-2,0-4,0-4,1-1,4-0,0-2,2-2,1-1,1-3,2-1,1-1,0-2,1-1,0-2,2-2,1-1,3-1,,,,,,,,,,,,,,,,,,,
Indiana Pacers,IND,2010,0-2,1-1,1-1,2-0,0-2,0-3,1-2,2-0,2-2,1-2,1-1,,2-2,2-2,1-1,1-1,3-1,1-1,0-4,0-2,1-2,0-2,2-0,0-4,1-3,1-3,0-4,0-2,1-3,2-0,,,,,,,,,,,,,,,,,,,
Los Angeles Clippers,LAC,2010,1-1,1-1,1-1,2-0,0-2,2-2,1-3,2-0,4-0,3-1,2-0,2-2,,2-1,1-1,2-0,3-0,2-0,2-1,2-0,3-1,1-1,2-0,3-1,1-2,4-0,2-2,1-1,3-1,2-0,,,,,,,,,,,,,,,,,,,
Los Angeles Lakers,LOS,2010,0-2,1-1,0-2,2-0,1-1,1-3,1-3,1-1,2-2,0-4,2-0,2-2,1-2,,1-1,0-2,3-1,2-0,2-2,2-0,1-2,1-1,1-1,2-2,2-2,2-1,2-2,2-0,1-2,2-0,,,,,,,,,,,,,,,,,,,
Memphis Grizzlies,MEM,2010,3-1,0-3,1-3,3-1,0-3,0-2,1-1,2-1,2-0,2-0,4-0,1-1,1-1,1-1,,1-3,1-1,4-0,1-1,3-0,0-2,2-2,4-0,1-1,1-1,2-0,0-2,2-2,1-1,3-1,,,,,,,,,,,,,,,,,,,
Miami Heat,MIA,2010,1-2,2-2,2-2,3-1,1-3,0-2,2-0,2-2,2-0,0-2,4-0,1-1,0-2,2-0,3-1,,2-0,4-0,1-1,3-0,1-1,0-3,2-2,1-1,1-1,1-1,0-2,2-1,1-1,2-2,,,,,,,,,,,,,,,,,,,
Milwaukee Bucks,MIL,2010,0-2,0-2,0-2,0-2,0-2,1-3,1-3,0-2,0-3,0-3,1-1,1-3,0-3,1-3,1-1,0-2,,2-0,0-4,1-1,0-4,0-2,1-1,0-4,0-4,2-2,0-3,0-2,2-2,1-1,,,,,,,,,,,,,,,,,,,
Minnesota Timberwolves,MIN,2010,0-3,1-3,2-2,2-1,0-4,0-2,0-2,1-2,0-2,0-2,0-4,1-1,0-2,0-2,0-4,0-4,0-2,,1-1,2-2,0-2,0-3,0-4,0-2,0-2,1-1,1-1,0-4,0-2,0-4,,,,,,,,,,,,,,,,,,,
New Orleans Pelicans,NOP,2010,1-1,1-1,1-1,0-2,0-2,2-2,1-3,1-1,3-1,3-1,2-0,4-0,1-2,2-2,1-1,1-1,4-0,1-1,,0-2,1-2,1-1,0-2,1-3,1-2,2-1,0-4,0-2,1-3,1-1,,,,,,,,,,,,,,,,,,,
New York Knicks,NYK,2010,3-1,1-3,2-2,1-3,0-3,1-1,1-1,3-1,0-2,0-2,2-2,2-0,0-2,0-2,0-3,0-3,1-1,2-2,2-0,,0-2,0-3,3-1,1-1,1-1,0-2,0-2,0-4,0-2,3-1,,,,,,,,,,,,,,,,,,,
Oklahoma City Thunder,OKC,2010,2-0,1-1,1-1,1-1,0-2,2-2,1-3,2-0,3-1,1-3,1-1,2-1,1-3,2-1,2-0,1-1,4-0,2-0,2-1,2-0,,1-1,2-0,2-1,1-3,3-1,1-3,2-0,3-1,2-0,,,,,,,,,,,,,,,,,,,
Orlando Magic,ORL,2010,3-1,3-1,3-1,2-1,2-2,1-1,1-1,3-1,2-0,2-0,3-1,2-0,1-1,1-1,2-2,3-0,2-0,3-0,1-1,3-0,1-1,,4-0,1-1,1-1,2-0,1-1,3-1,1-1,2-2,,,,,,,,,,,,,,,,,,,
Philadelphia 76ers,PHI,2010,1-2,1-3,1-3,1-3,0-3,1-1,1-1,1-3,2-0,1-1,1-2,0-2,0-2,1-1,0-4,2-2,1-1,4-0,2-0,1-3,0-2,0-4,,0-2,1-1,2-0,1-1,1-3,0-2,0-3,,,,,,,,,,,,,,,,,,,
Phoenix Suns,PHO,2010,1-1,2-0,0-2,1-1,0-2,1-2,3-1,2-0,3-1,4-0,1-1,4-0,1-3,2-2,1-1,1-1,4-0,2-0,3-1,1-1,1-2,1-1,2-0,,1-2,4-0,2-1,2-0,2-2,2-0,,,,,,,,,,,,,,,,,,,
Portland Trail Blazers,PLB,2010,0-2,0-2,2-0,1-1,0-2,3-1,1-3,2-0,2-2,2-2,2-0,3-1,2-1,2-2,1-1,1-1,4-0,2-0,2-1,1-1,3-1,1-1,1-1,2-1,,4-0,3-0,2-0,0-4,1-1,,,,,,,,,,,,,,,,,,,
Sacramento Kings,SAC,2010,0-2,0-2,0-2,1-1,0-2,0-4,2-1,1-1,2-2,2-2,1-1,3-1,0-4,1-2,0-2,1-1,2-2,1-1,1-2,2-0,1-3,0-2,0-2,0-4,0-4,,0-4,1-1,2-1,1-1,,,,,,,,,,,,,,,,,,,
San Antonio Spurs,SAN,2010,1-1,1-1,1-1,0-2,1-1,1-3,2-2,1-1,3-0,2-2,2-0,4-0,2-2,2-2,2-0,2-0,3-0,1-1,4-0,2-0,3-1,1-1,1-1,1-2,0-3,4-0,,1-1,0-4,2-0,,,,,,,,,,,,,,,,,,,
Toronto Raptors,TOR,2010,1-3,0-4,2-1,2-1,1-3,1-1,0-2,4-0,0-2,1-1,2-2,2-0,1-1,0-2,2-2,1-2,2-0,4-0,2-0,4-0,0-2,1-3,3-1,0-2,0-2,1-1,1-1,,0-2,2-1,,,,,,,,,,,,,,,,,,,
Utah Jazz,UTA,2010,0-2,1-1,2-0,2-0,1-1,2-1,1-3,2-0,3-0,2-2,1-1,3-1,1-3,2-1,1-1,1-1,2-2,2-0,3-1,2-0,1-3,1-1,2-0,2-2,4-0,1-2,4-0,2-0,,2-0,,,,,,,,,,,,,,,,,,,
Washington Wizards,WAS,2010,0-4,1-3,0-4,1-2,1-2,1-1,1-1,0-4,2-0,0-2,1-3,0-2,0-2,0-2,1-3,2-2,1-1,4-0,1-1,1-3,0-2,2-2,3-0,0-2,1-1,1-1,0-2,1-2,0-2,,,,,,,,,,,,,,,,,,,,
Atlanta Hawks,ATL,2009,,0-4,3-1,3-0,1-3,1-1,1-1,3-0,1-1,1-1,3-1,1-1,1-1,1-1,3-1,3-1,2-0,1-3,2-0,1-2,2-0,1-3,1-2,0-2,1-1,2-0,0-2,3-1,1-1,4-0,,,,,,,,,,,,,,,,,,,
Boston Celtics,BOS,2009,4-0,,2-1,2-1,2-2,2-0,1-1,3-1,1-1,1-1,3-1,1-1,0-2,2-0,3-1,2-1,2-0,4-0,2-0,3-1,2-0,2-2,4-0,2-0,1-1,2-0,1-1,4-0,1-1,3-0,,,,,,,,,,,,,,,,,,,
Brooklyn Nets,BKN,2009,1-3,1-2,,2-1,0-3,0-2,0-2,1-3,1-1,0-2,2-2,2-0,2-0,2-0,1-3,1-3,1-1,1-2,1-1,2-2,1-1,0-4,3-1,1-1,1-1,2-0,0-2,2-2,1-1,3-1,,,,,,,,,,,,,,,,,,,
Charlotte Hornets,CLH,2009,0-3,1-2,1-2,,1-3,1-1,1-1,3-1,2-0,1-1,2-2,2-0,0-2,1-1,1-3,3-1,0-2,3-1,2-0,2-1,1-1,1-3,2-2,2-0,0-2,2-0,0-2,1-3,2-0,3-1,,,,,,,,,,,,,,,,,,,
Chicago Bulls,CHI,2009,3-1,2-2,3-0,3-1,,2-0,2-0,3-1,2-0,1-1,3-1,2-0,0-2,2-0,3-1,4-0,2-0,3-0,1-1,4-0,2-0,1-2,3-1,2-0,2-0,2-0,2-0,3-0,2-0,2-2,,,,,,,,,,,,,,,,,,,
Cleveland Cavaliers,CLE,2009,1-1,0-2,2-0,1-1,0-2,,0-4,2-0,2-1,2-2,2-0,3-1,0-3,2-2,2-0,1-1,4-0,1-1,1-3,2-0,2-1,1-1,2-0,3-1,3-0,3-1,2-2,2-0,2-2,2-0,,,,,,,,,,,,,,,,,,,
Dallas Mavericks,DAL,2009,1-1,1-1,2-0,1-1,0-2,4-0,,0-2,2-1,1-3,1-1,4-0,1-3,3-0,2-0,1-1,4-0,1-1,2-2,2-0,4-0,1-1,2-0,1-2,2-2,3-1,2-1,2-0,2-2,2-0,,,,,,,,,,,,,,,,,,,
Denver Nuggets,DEN,2009,0-3,1-3,3-1,1-3,1-3,0-2,2-0,,2-0,0-2,2-2,2-0,1-1,1-1,1-3,3-1,1-1,2-2,0-2,2-2,1-1,3-0,1-2,0-2,0-2,2-0,1-1,3-0,0-2,3-1,,,,,,,,,,,,,,,,,,,
Detroit Pistons,DET,2009,1-1,1-1,1-1,0-2,0-2,1-2,1-2,0-2,,0-4,1-1,3-1,0-4,0-3,0-2,1-1,2-2,2-0,2-2,1-1,2-2,0-2,1-1,1-3,2-1,2-2,0-4,1-1,2-2,1-1,,,,,,,,,,,,,,,,,,,
Golden State Warriors,GOL,2009,1-1,1-1,2-0,1-1,1-1,2-2,3-1,2-0,4-0,,0-2,3-1,0-4,2-2,2-0,1-1,4-0,2-0,3-1,1-1,3-0,2-0,0-2,2-1,2-1,3-0,2-2,1-1,2-2,1-1,,,,,,,,,,,,,,,,,,,
Houston Rockets,HOU,2009,1-3,1-3,2-2,2-2,1-3,0-2,1-1,2-2,1-1,2-0,,1-1,1-1,1-1,2-1,2-2,1-1,2-1,0-2,1-2,2-0,1-3,2-2,1-1,0-2,2-0,0-2,2-2,0-2,2-1,,,,,,,,,,,,,,,,,,,
Indiana Pacers,IND,2009,1-1,1-1,0-2,0-2,0-2,1-3,0-4,0-2,1-3,1-3,1-1,,0-4,1-2,1-1,1-1,1-2,1-1,0-3,2-0,3-1,0-2,0-2,0-4,1-3,1-3,0-4,0-2,0-3,1-1,,,,,,,,,,,,,,,,,,,
Los Angeles Clippers,LAC,2009,1-1,2-0,0-2,2-0,2-0,3-0,3-1,1-1,4-0,4-0,1-1,4-0,,4-0,1-1,2-0,4-0,2-0,3-1,2-0,3-0,0-2,1-1,3-1,2-2,3-1,2-1,2-0,2-1,2-0,,,,,,,,,,,,,,,,,,,
Los Angeles Lakers,LOS,2009,1-1,0-2,0-2,1-1,0-2,2-2,0-3,1-1,3-0,2-2,1-1,2-1,0-4,,1-1,1-1,0-3,0-2,1-3,0-2,1-3,1-1,0-2,1-3,0-4,2-2,0-4,1-1,0-4,2-0,,,,,,,,,,,,,,,,,,,
Memphis Grizzlies,MEM,2009,1-3,1-3,3-1,3-1,1-3,0-2,0-2,3-1,2-0,0-2,1-2,1-1,1-1,1-1,,2-1,1-1,3-1,0-2,2-1,2-0,1-3,2-2,2-0,0-2,2-0,1-1,1-2,2-0,4-0,,,,,,,,,,,,,,,,,,,
Miami Heat,MIA,2009,1-3,1-2,3-1,1-3,0-4,1-1,1-1,1-3,1-1,1-1,2-2,1-1,0-2,1-1,1-2,,0-2,2-2,0-2,3-1,2-0,1-3,0-3,0-2,0-2,2-0,2-0,2-2,1-1,3-0,,,,,,,,,,,,,,,,,,,
Milwaukee Bucks,MIL,2009,0-2,0-2,1-1,2-0,0-2,0-4,0-4,1-1,2-2,0-4,1-1,2-1,0-4,3-0,1-1,2-0,,1-1,1-2,1-1,2-2,0-2,1-1,1-2,0-4,1-3,0-4,0-2,1-3,0-2,,,,,,,,,,,,,,,,,,,
Minnesota Timberwolves,MIN,2009,3-1,0-4,2-1,1-3,0-3,1-1,1-1,2-2,0-2,0-2,1-2,1-1,0-2,2-0,1-3,2-2,1-1,,0-2,2-2,1-1,1-2,4-0,1-1,0-2,2-0,0-2,2-2,1-1,2-2,,,,,,,,,,,,,,,,,,,
New Orleans Pelicans,NOP,2009,0-2,0-2,1-1,0-2,1-1,3-1,2-2,2-0,2-2,1-3,2-0,3-0,1-3,3-1,2-0,2-0,2-1,2-0,,0-2,4-0,1-1,2-0,2-1,2-2,3-1,2-2,2-0,0-3,2-0,,,,,,,,,,,,,,,,,,,
New York Knicks,NYK,2009,2-1,1-3,2-2,1-2,0-4,0-2,0-2,2-2,1-1,1-1,2-1,0-2,0-2,2-0,1-2,1-3,1-1,2-2,2-0,,1-1,1-3,0-4,1-1,0-2,1-1,1-1,2-2,1-1,3-1,,,,,,,,,,,,,,,,,,,
Oklahoma City Thunder,OKC,2009,0-2,0-2,1-1,1-1,0-2,1-2,0-4,1-1,2-2,0-3,0-2,1-3,0-3,3-1,0-2,0-2,2-2,1-1,0-4,1-1,,0-2,1-1,0-4,1-3,2-1,2-2,1-1,1-3,1-1,,,,,,,,,,,,,,,,,,,
Orlando Magic,ORL,2009,3-1,2-2,4-0,3-1,2-1,1-1,1-1,0-3,2-0,0-2,3-1,2-0,2-0,1-1,3-1,3-1,2-0,2-1,1-1,3-1,2-0,,3-0,1-1,1-1,2-0,2-0,2-2,2-0,4-0,,,,,,,,,,,,,,,,,,,
Philadelphia 76ers,PHI,2009,2-1,0-4,1-3,2-2,1-3,0-2,0-2,2-1,1-1,2-0,2-2,2-0,1-1,2-0,2-2,3-0,1-1,0-4,0-2,4-0,1-1,0-3,,1-1,2-0,2-0,1-1,2-2,0-2,4-0,,,,,,,,,,,,,,,,,,,
Phoenix Suns,PHO,2009,2-0,0-2,1-1,0-2,0-2,1-3,2-1,2-0,3-1,1-2,1-1,4-0,1-3,3-1,0-2,2-0,2-1,1-1,1-2,1-1,4-0,1-1,1-1,,2-2,3-1,1-3,2-0,2-2,2-0,,,,,,,,,,,,,,,,,,,
Portland Trail Blazers,PLB,2009,1-1,1-1,1-1,2-0,0-2,0-3,2-2,2-0,1-2,1-2,2-0,3-1,2-2,4-0,2-0,2-0,4-0,2-0,2-2,2-0,3-1,1-1,0-2,2-2,,3-0,3-1,2-0,2-2,2-0,,,,,,,,,,,,,,,,,,,
Sacramento Kings,SAC,2009,0-2,0-2,0-2,0-2,0-2,1-3,1-3,0-2,2-2,0-3,0-2,3-1,1-3,2-2,0-2,0-2,3-1,0-2,1-3,1-1,1-2,0-2,0-2,1-3,0-3,,0-3,0-2,0-4,0-2,,,,,,,,,,,,,,,,,,,
San Antonio Spurs,SAN,2009,2-0,1-1,2-0,2-0,0-2,2-2,1-2,1-1,4-0,2-2,2-0,4-0,1-2,4-0,1-1,0-2,4-0,2-0,2-2,1-1,2-2,0-2,1-1,3-1,1-3,3-0,,1-1,3-0,2-0,,,,,,,,,,,,,,,,,,,
Toronto Raptors,TOR,2009,1-3,0-4,2-2,3-1,0-3,0-2,0-2,0-3,1-1,1-1,2-2,2-0,0-2,1-1,2-1,2-2,2-0,2-2,0-2,2-2,1-1,2-2,2-2,0-2,0-2,2-0,1-1,,0-2,2-1,,,,,,,,,,,,,,,,,,,
Utah Jazz,UTA,2009,1-1,1-1,1-1,0-2,0-2,2-2,2-2,2-0,2-2,2-2,2-0,3-0,1-2,4-0,0-2,1-1,3-1,1-1,3-0,1-1,3-1,0-2,2-0,2-2,2-2,4-0,0-3,2-0,,1-1,,,,,,,,,,,,,,,,,,,
Washington Wizards,WAS,2009,0-4,0-3,1-3,1-3,2-2,0-2,0-2,1-3,1-1,1-1,1-2,1-1,0-2,0-2,0-4,0-3,2-0,2-2,0-2,1-3,1-1,0-4,0-4,0-2,0-2,2-0,0-2,1-2,1-1,,,,,,,,,,,,,,,,,,,,
,,,,,,,,,,,,,,,,,,,,,,,,,,,,,,,,,,,,,,,,,,,,,,,,,,,
,,,,,,,,,,,,,,,,,,,,,,,,,,,,,,,,,,,,,,,,,,,,,,,,,,,
,,,,,,,,,,,,,,,,,,,,,,,,,,,,,,,,,,,,,,,,,,,,,,,,,,,
,,,,,,,,,,,,,,,,,,,,,,,,,,,,,,,,,,,,,,,,,,,,,,,,,,,
,,,,,,,,,,,,,,,,,,,,,,,,,,,,,,,,,,,,,,,,,,,,,,,,,,,
,,,,,,,,,,,,,,,,,,,,,,,,,,,,,,,,,,,,,,,,,,,,,,,,,,,
,,,,,,,,,,,,,,,,,,,,,,,,,,,,,,,,,,,,,,,,,,,,,,,,,,,
,,,,,,,,,,,,,,,,,,,,,,,,,,,,,,,,,,,,,,,,,,,,,,,,,,,
,,,,,,,,,,,,,,,,,,,,,,,,,,,,,,,,,,,,,,,,,,,,,,,,,,,
